origin_state,mode,month,total_shipments,flagged_shipments,anomaly_rate
AZ,FTL,2023-01-01,24,1,0.041666666666666664
AZ,FTL,2023-02-01,31,1,0.03225806451612903
AZ,FTL,2023-03-01,40,2,0.05
AZ,FTL,2023-04-01,40,4,0.1
AZ,FTL,2023-05-01,30,3,0.1
AZ,FTL,2023-06-01,21,0,0.0
AZ,FTL,2023-07-01,32,1,0.03125
AZ,FTL,2023-08-01,32,1,0.03125
AZ,FTL,2023-09-01,36,2,0.05555555555555555
AZ,FTL,2023-10-01,32,2,0.0625
AZ,FTL,2023-11-01,38,1,0.02631578947368421
AZ,FTL,2023-12-01,20,1,0.05
AZ,FTL,2024-01-01,42,0,0.0
AZ,FTL,2024-02-01,31,2,0.06451612903225806
AZ,FTL,2024-03-01,41,1,0.024390243902439025
AZ,FTL,2024-04-01,30,4,0.13333333333333333
AZ,FTL,2024-05-01,29,5,0.1724137931034483
AZ,FTL,2024-06-01,22,0,0.0
AZ,LTL,2023-01-01,39,3,0.07692307692307693
AZ,LTL,2023-02-01,23,2,0.08695652173913043
AZ,LTL,2023-03-01,25,1,0.04
AZ,LTL,2023-04-01,30,3,0.1
AZ,LTL,2023-05-01,38,1,0.02631578947368421
AZ,LTL,2023-06-01,17,2,0.11764705882352941
AZ,LTL,2023-07-01,22,1,0.045454545454545456
AZ,LTL,2023-08-01,28,3,0.10714285714285714
AZ,LTL,2023-09-01,21,1,0.047619047619047616
AZ,LTL,2023-10-01,32,2,0.0625
AZ,LTL,2023-11-01,28,3,0.10714285714285714
AZ,LTL,2023-12-01,31,3,0.0967741935483871
AZ,LTL,2024-01-01,31,0,0.0
AZ,LTL,2024-02-01,19,1,0.05263157894736842
AZ,LTL,2024-03-01,32,4,0.125
AZ,LTL,2024-04-01,21,2,0.09523809523809523
AZ,LTL,2024-05-01,31,1,0.03225806451612903
AZ,LTL,2024-06-01,28,1,0.03571428571428571
AZ,PARCEL,2023-01-01,27,0,0.0
AZ,PARCEL,2023-02-01,17,0,0.0
AZ,PARCEL,2023-03-01,26,4,0.15384615384615385
AZ,PARCEL,2023-04-01,32,3,0.09375
AZ,PARCEL,2023-05-01,36,2,0.05555555555555555
AZ,PARCEL,2023-06-01,33,5,0.15151515151515152
AZ,PARCEL,2023-07-01,29,2,0.06896551724137931
AZ,PARCEL,2023-08-01,24,3,0.125
AZ,PARCEL,2023-09-01,31,3,0.0967741935483871
AZ,PARCEL,2023-10-01,24,1,0.041666666666666664
AZ,PARCEL,2023-11-01,29,2,0.06896551724137931
AZ,PARCEL,2023-12-01,21,0,0.0
AZ,PARCEL,2024-01-01,32,4,0.125
AZ,PARCEL,2024-02-01,27,1,0.037037037037037035
AZ,PARCEL,2024-03-01,17,2,0.11764705882352941
AZ,PARCEL,2024-04-01,28,2,0.07142857142857142
AZ,PARCEL,2024-05-01,25,1,0.04
AZ,PARCEL,2024-06-01,37,4,0.10810810810810811
CA,FTL,2023-01-01,108,5,0.046296296296296294
CA,FTL,2023-02-01,90,4,0.044444444444444446
CA,FTL,2023-03-01,116,7,0.0603448275862069
CA,FTL,2023-04-01,97,6,0.061855670103092786
CA,FTL,2023-05-01,123,9,0.07317073170731707
CA,FTL,2023-06-01,115,4,0.034782608695652174
CA,FTL,2023-07-01,100,7,0.07
CA,FTL,2023-08-01,111,7,0.06306306306306306
CA,FTL,2023-09-01,106,7,0.0660377358490566
CA,FTL,2023-10-01,128,9,0.0703125
CA,FTL,2023-11-01,97,6,0.061855670103092786
CA,FTL,2023-12-01,120,11,0.09166666666666666
CA,FTL,2024-01-01,104,11,0.10576923076923077
CA,FTL,2024-02-01,95,7,0.07368421052631578
CA,FTL,2024-03-01,106,3,0.02830188679245283
CA,FTL,2024-04-01,105,9,0.08571428571428572
CA,FTL,2024-05-01,120,5,0.041666666666666664
CA,FTL,2024-06-01,105,3,0.02857142857142857
CA,LTL,2023-01-01,141,13,0.09219858156028368
CA,LTL,2023-02-01,113,11,0.09734513274336283
CA,LTL,2023-03-01,121,8,0.06611570247933884
CA,LTL,2023-04-01,129,7,0.05426356589147287
CA,LTL,2023-05-01,116,6,0.05172413793103448
CA,LTL,2023-06-01,123,8,0.06504065040650407
CA,LTL,2023-07-01,114,12,0.10526315789473684
CA,LTL,2023-08-01,123,9,0.07317073170731707
CA,LTL,2023-09-01,97,5,0.05154639175257732
CA,LTL,2023-10-01,123,6,0.04878048780487805
CA,LTL,2023-11-01,142,4,0.028169014084507043
CA,LTL,2023-12-01,129,8,0.06201550387596899
CA,LTL,2024-01-01,138,10,0.07246376811594203
CA,LTL,2024-02-01,118,7,0.059322033898305086
CA,LTL,2024-03-01,133,12,0.09022556390977443
CA,LTL,2024-04-01,119,8,0.06722689075630252
CA,LTL,2024-05-01,131,8,0.061068702290076333
CA,LTL,2024-06-01,130,7,0.05384615384615385
CA,PARCEL,2023-01-01,155,6,0.03870967741935484
CA,PARCEL,2023-02-01,146,11,0.07534246575342465
CA,PARCEL,2023-03-01,152,16,0.10526315789473684
CA,PARCEL,2023-04-01,148,12,0.08108108108108109
CA,PARCEL,2023-05-01,148,13,0.08783783783783784
CA,PARCEL,2023-06-01,147,10,0.06802721088435375
CA,PARCEL,2023-07-01,148,14,0.0945945945945946
CA,PARCEL,2023-08-01,158,8,0.05063291139240506
CA,PARCEL,2023-09-01,151,9,0.059602649006622516
CA,PARCEL,2023-10-01,157,6,0.03821656050955414
CA,PARCEL,2023-11-01,144,12,0.08333333333333333
CA,PARCEL,2023-12-01,145,8,0.05517241379310345
CA,PARCEL,2024-01-01,152,15,0.09868421052631579
CA,PARCEL,2024-02-01,136,7,0.051470588235294115
CA,PARCEL,2024-03-01,185,14,0.07567567567567568
CA,PARCEL,2024-04-01,120,8,0.06666666666666667
CA,PARCEL,2024-05-01,159,13,0.08176100628930817
CA,PARCEL,2024-06-01,120,8,0.06666666666666667
CO,FTL,2023-01-01,28,1,0.03571428571428571
CO,FTL,2023-02-01,34,0,0.0
CO,FTL,2023-03-01,37,3,0.08108108108108109
CO,FTL,2023-04-01,25,0,0.0
CO,FTL,2023-05-01,33,1,0.030303030303030304
CO,FTL,2023-06-01,28,1,0.03571428571428571
CO,FTL,2023-07-01,34,4,0.11764705882352941
CO,FTL,2023-08-01,39,1,0.02564102564102564
CO,FTL,2023-09-01,23,1,0.043478260869565216
CO,FTL,2023-10-01,37,6,0.16216216216216217
CO,FTL,2023-11-01,35,4,0.11428571428571428
CO,FTL,2023-12-01,24,2,0.08333333333333333
CO,FTL,2024-01-01,31,5,0.16129032258064516
CO,FTL,2024-02-01,35,4,0.11428571428571428
CO,FTL,2024-03-01,45,2,0.044444444444444446
CO,FTL,2024-04-01,26,0,0.0
CO,FTL,2024-05-01,36,4,0.1111111111111111
CO,FTL,2024-06-01,20,1,0.05
CO,LTL,2023-01-01,27,0,0.0
CO,LTL,2023-02-01,24,2,0.08333333333333333
CO,LTL,2023-03-01,25,1,0.04
CO,LTL,2023-04-01,23,1,0.043478260869565216
CO,LTL,2023-05-01,32,1,0.03125
CO,LTL,2023-06-01,17,0,0.0
CO,LTL,2023-07-01,26,1,0.038461538461538464
CO,LTL,2023-08-01,17,0,0.0
CO,LTL,2023-09-01,14,1,0.07142857142857142
CO,LTL,2023-10-01,29,2,0.06896551724137931
CO,LTL,2023-11-01,18,1,0.05555555555555555
CO,LTL,2023-12-01,31,1,0.03225806451612903
CO,LTL,2024-01-01,18,0,0.0
CO,LTL,2024-02-01,28,4,0.14285714285714285
CO,LTL,2024-03-01,28,4,0.14285714285714285
CO,LTL,2024-04-01,13,1,0.07692307692307693
CO,LTL,2024-05-01,20,1,0.05
CO,LTL,2024-06-01,29,2,0.06896551724137931
CO,PARCEL,2023-01-01,24,2,0.08333333333333333
CO,PARCEL,2023-02-01,21,2,0.09523809523809523
CO,PARCEL,2023-03-01,20,2,0.1
CO,PARCEL,2023-04-01,19,1,0.05263157894736842
CO,PARCEL,2023-05-01,30,5,0.16666666666666666
CO,PARCEL,2023-06-01,20,1,0.05
CO,PARCEL,2023-07-01,25,0,0.0
CO,PARCEL,2023-08-01,11,0,0.0
CO,PARCEL,2023-09-01,22,1,0.045454545454545456
CO,PARCEL,2023-10-01,29,0,0.0
CO,PARCEL,2023-11-01,15,1,0.06666666666666667
CO,PARCEL,2023-12-01,23,1,0.043478260869565216
CO,PARCEL,2024-01-01,30,0,0.0
CO,PARCEL,2024-02-01,19,2,0.10526315789473684
CO,PARCEL,2024-03-01,20,3,0.15
CO,PARCEL,2024-04-01,23,0,0.0
CO,PARCEL,2024-05-01,22,2,0.09090909090909091
CO,PARCEL,2024-06-01,25,4,0.16
FL,FTL,2023-01-01,97,8,0.08247422680412371
FL,FTL,2023-02-01,111,4,0.036036036036036036
FL,FTL,2023-03-01,106,4,0.03773584905660377
FL,FTL,2023-04-01,98,7,0.07142857142857142
FL,FTL,2023-05-01,112,11,0.09821428571428571
FL,FTL,2023-06-01,98,4,0.04081632653061224
FL,FTL,2023-07-01,94,10,0.10638297872340426
FL,FTL,2023-08-01,90,3,0.03333333333333333
FL,FTL,2023-09-01,104,6,0.057692307692307696
FL,FTL,2023-10-01,108,11,0.10185185185185185
FL,FTL,2023-11-01,104,6,0.057692307692307696
FL,FTL,2023-12-01,106,9,0.08490566037735849
FL,FTL,2024-01-01,110,8,0.07272727272727272
FL,FTL,2024-02-01,97,8,0.08247422680412371
FL,FTL,2024-03-01,96,7,0.07291666666666667
FL,FTL,2024-04-01,105,3,0.02857142857142857
FL,FTL,2024-05-01,106,5,0.04716981132075472
FL,FTL,2024-06-01,109,12,0.11009174311926606
FL,LTL,2023-01-01,139,7,0.050359712230215826
FL,LTL,2023-02-01,112,6,0.05357142857142857
FL,LTL,2023-03-01,124,12,0.0967741935483871
FL,LTL,2023-04-01,108,3,0.027777777777777776
FL,LTL,2023-05-01,124,12,0.0967741935483871
FL,LTL,2023-06-01,122,7,0.05737704918032787
FL,LTL,2023-07-01,126,10,0.07936507936507936
FL,LTL,2023-08-01,129,9,0.06976744186046512
FL,LTL,2023-09-01,115,6,0.05217391304347826
FL,LTL,2023-10-01,127,6,0.047244094488188976
FL,LTL,2023-11-01,101,7,0.06930693069306931
FL,LTL,2023-12-01,120,6,0.05
FL,LTL,2024-01-01,110,11,0.1
FL,LTL,2024-02-01,122,10,0.08196721311475409
FL,LTL,2024-03-01,134,6,0.04477611940298507
FL,LTL,2024-04-01,131,4,0.030534351145038167
FL,LTL,2024-05-01,124,7,0.056451612903225805
FL,LTL,2024-06-01,119,7,0.058823529411764705
FL,PARCEL,2023-01-01,109,4,0.03669724770642202
FL,PARCEL,2023-02-01,103,8,0.07766990291262135
FL,PARCEL,2023-03-01,112,7,0.0625
FL,PARCEL,2023-04-01,99,7,0.0707070707070707
FL,PARCEL,2023-05-01,104,5,0.04807692307692308
FL,PARCEL,2023-06-01,100,7,0.07
FL,PARCEL,2023-07-01,127,14,0.11023622047244094
FL,PARCEL,2023-08-01,133,8,0.06015037593984962
FL,PARCEL,2023-09-01,126,7,0.05555555555555555
FL,PARCEL,2023-10-01,124,12,0.0967741935483871
FL,PARCEL,2023-11-01,91,10,0.10989010989010989
FL,PARCEL,2023-12-01,124,12,0.0967741935483871
FL,PARCEL,2024-01-01,129,9,0.06976744186046512
FL,PARCEL,2024-02-01,120,4,0.03333333333333333
FL,PARCEL,2024-03-01,93,6,0.06451612903225806
FL,PARCEL,2024-04-01,112,7,0.0625
FL,PARCEL,2024-05-01,106,11,0.10377358490566038
FL,PARCEL,2024-06-01,101,7,0.06930693069306931
GA,FTL,2023-01-01,64,3,0.046875
GA,FTL,2023-02-01,63,4,0.06349206349206349
GA,FTL,2023-03-01,81,7,0.08641975308641975
GA,FTL,2023-04-01,74,4,0.05405405405405406
GA,FTL,2023-05-01,79,2,0.02531645569620253
GA,FTL,2023-06-01,68,2,0.029411764705882353
GA,FTL,2023-07-01,74,6,0.08108108108108109
GA,FTL,2023-08-01,80,6,0.075
GA,FTL,2023-09-01,69,6,0.08695652173913043
GA,FTL,2023-10-01,85,4,0.047058823529411764
GA,FTL,2023-11-01,81,5,0.06172839506172839
GA,FTL,2023-12-01,93,8,0.08602150537634409
GA,FTL,2024-01-01,76,5,0.06578947368421052
GA,FTL,2024-02-01,63,6,0.09523809523809523
GA,FTL,2024-03-01,97,8,0.08247422680412371
GA,FTL,2024-04-01,71,5,0.07042253521126761
GA,FTL,2024-05-01,80,7,0.0875
GA,FTL,2024-06-01,67,4,0.05970149253731343
GA,LTL,2023-01-01,69,7,0.10144927536231885
GA,LTL,2023-02-01,54,5,0.09259259259259259
GA,LTL,2023-03-01,69,3,0.043478260869565216
GA,LTL,2023-04-01,70,3,0.04285714285714286
GA,LTL,2023-05-01,83,6,0.07228915662650602
GA,LTL,2023-06-01,69,5,0.07246376811594203
GA,LTL,2023-07-01,75,9,0.12
GA,LTL,2023-08-01,78,8,0.10256410256410256
GA,LTL,2023-09-01,70,3,0.04285714285714286
GA,LTL,2023-10-01,83,3,0.03614457831325301
GA,LTL,2023-11-01,79,4,0.05063291139240506
GA,LTL,2023-12-01,79,10,0.12658227848101267
GA,LTL,2024-01-01,75,2,0.02666666666666667
GA,LTL,2024-02-01,67,5,0.07462686567164178
GA,LTL,2024-03-01,76,8,0.10526315789473684
GA,LTL,2024-04-01,70,5,0.07142857142857142
GA,LTL,2024-05-01,71,7,0.09859154929577464
GA,LTL,2024-06-01,66,3,0.045454545454545456
GA,PARCEL,2023-01-01,54,11,0.2037037037037037
GA,PARCEL,2023-02-01,48,3,0.0625
GA,PARCEL,2023-03-01,55,8,0.14545454545454545
GA,PARCEL,2023-04-01,66,2,0.030303030303030304
GA,PARCEL,2023-05-01,57,5,0.08771929824561403
GA,PARCEL,2023-06-01,65,7,0.1076923076923077
GA,PARCEL,2023-07-01,51,6,0.11764705882352941
GA,PARCEL,2023-08-01,71,2,0.028169014084507043
GA,PARCEL,2023-09-01,61,2,0.03278688524590164
GA,PARCEL,2023-10-01,70,7,0.1
GA,PARCEL,2023-11-01,63,8,0.12698412698412698
GA,PARCEL,2023-12-01,58,5,0.08620689655172414
GA,PARCEL,2024-01-01,62,4,0.06451612903225806
GA,PARCEL,2024-02-01,58,5,0.08620689655172414
GA,PARCEL,2024-03-01,61,3,0.04918032786885246
GA,PARCEL,2024-04-01,57,0,0.0
GA,PARCEL,2024-05-01,67,2,0.029850746268656716
GA,PARCEL,2024-06-01,74,4,0.05405405405405406
IL,FTL,2023-01-01,109,8,0.07339449541284404
IL,FTL,2023-02-01,87,6,0.06896551724137931
IL,FTL,2023-03-01,102,6,0.058823529411764705
IL,FTL,2023-04-01,91,5,0.054945054945054944
IL,FTL,2023-05-01,94,7,0.07446808510638298
IL,FTL,2023-06-01,91,3,0.03296703296703297
IL,FTL,2023-07-01,81,6,0.07407407407407407
IL,FTL,2023-08-01,119,3,0.025210084033613446
IL,FTL,2023-09-01,92,6,0.06521739130434782
IL,FTL,2023-10-01,96,6,0.0625
IL,FTL,2023-11-01,112,8,0.07142857142857142
IL,FTL,2023-12-01,108,6,0.05555555555555555
IL,FTL,2024-01-01,109,8,0.07339449541284404
IL,FTL,2024-02-01,79,9,0.11392405063291139
IL,FTL,2024-03-01,102,6,0.058823529411764705
IL,FTL,2024-04-01,97,7,0.07216494845360824
IL,FTL,2024-05-01,101,7,0.06930693069306931
IL,FTL,2024-06-01,88,4,0.045454545454545456
IL,LTL,2023-01-01,70,3,0.04285714285714286
IL,LTL,2023-02-01,76,3,0.039473684210526314
IL,LTL,2023-03-01,76,3,0.039473684210526314
IL,LTL,2023-04-01,76,5,0.06578947368421052
IL,LTL,2023-05-01,72,5,0.06944444444444445
IL,LTL,2023-06-01,68,3,0.04411764705882353
IL,LTL,2023-07-01,75,4,0.05333333333333334
IL,LTL,2023-08-01,72,8,0.1111111111111111
IL,LTL,2023-09-01,74,3,0.04054054054054054
IL,LTL,2023-10-01,79,4,0.05063291139240506
IL,LTL,2023-11-01,62,6,0.0967741935483871
IL,LTL,2023-12-01,80,2,0.025
IL,LTL,2024-01-01,82,4,0.04878048780487805
IL,LTL,2024-02-01,82,4,0.04878048780487805
IL,LTL,2024-03-01,76,5,0.06578947368421052
IL,LTL,2024-04-01,66,1,0.015151515151515152
IL,LTL,2024-05-01,66,3,0.045454545454545456
IL,LTL,2024-06-01,76,5,0.06578947368421052
IL,PARCEL,2023-01-01,77,7,0.09090909090909091
IL,PARCEL,2023-02-01,73,4,0.0547945205479452
IL,PARCEL,2023-03-01,68,7,0.10294117647058823
IL,PARCEL,2023-04-01,60,4,0.06666666666666667
IL,PARCEL,2023-05-01,81,6,0.07407407407407407
IL,PARCEL,2023-06-01,74,4,0.05405405405405406
IL,PARCEL,2023-07-01,80,10,0.125
IL,PARCEL,2023-08-01,66,7,0.10606060606060606
IL,PARCEL,2023-09-01,81,7,0.08641975308641975
IL,PARCEL,2023-10-01,79,5,0.06329113924050633
IL,PARCEL,2023-11-01,66,4,0.06060606060606061
IL,PARCEL,2023-12-01,77,5,0.06493506493506493
IL,PARCEL,2024-01-01,80,4,0.05
IL,PARCEL,2024-02-01,70,3,0.04285714285714286
IL,PARCEL,2024-03-01,80,8,0.1
IL,PARCEL,2024-04-01,84,6,0.07142857142857142
IL,PARCEL,2024-05-01,94,3,0.031914893617021274
IL,PARCEL,2024-06-01,71,8,0.11267605633802817
IN,FTL,2023-01-01,46,4,0.08695652173913043
IN,FTL,2023-02-01,43,1,0.023255813953488372
IN,FTL,2023-03-01,44,4,0.09090909090909091
IN,FTL,2023-04-01,51,3,0.058823529411764705
IN,FTL,2023-05-01,46,5,0.10869565217391304
IN,FTL,2023-06-01,46,4,0.08695652173913043
IN,FTL,2023-07-01,34,3,0.08823529411764706
IN,FTL,2023-08-01,36,1,0.027777777777777776
IN,FTL,2023-09-01,53,3,0.05660377358490566
IN,FTL,2023-10-01,44,3,0.06818181818181818
IN,FTL,2023-11-01,40,4,0.1
IN,FTL,2023-12-01,59,1,0.01694915254237288
IN,FTL,2024-01-01,56,2,0.03571428571428571
IN,FTL,2024-02-01,36,2,0.05555555555555555
IN,FTL,2024-03-01,49,2,0.04081632653061224
IN,FTL,2024-04-01,36,1,0.027777777777777776
IN,FTL,2024-05-01,36,5,0.1388888888888889
IN,FTL,2024-06-01,53,1,0.018867924528301886
IN,LTL,2023-01-01,59,3,0.05084745762711865
IN,LTL,2023-02-01,41,5,0.12195121951219512
IN,LTL,2023-03-01,64,3,0.046875
IN,LTL,2023-04-01,65,5,0.07692307692307693
IN,LTL,2023-05-01,67,3,0.04477611940298507
IN,LTL,2023-06-01,56,5,0.08928571428571429
IN,LTL,2023-07-01,42,3,0.07142857142857142
IN,LTL,2023-08-01,53,6,0.11320754716981132
IN,LTL,2023-09-01,57,7,0.12280701754385964
IN,LTL,2023-10-01,66,7,0.10606060606060606
IN,LTL,2023-11-01,33,4,0.12121212121212122
IN,LTL,2023-12-01,56,5,0.08928571428571429
IN,LTL,2024-01-01,55,5,0.09090909090909091
IN,LTL,2024-02-01,55,4,0.07272727272727272
IN,LTL,2024-03-01,55,4,0.07272727272727272
IN,LTL,2024-04-01,55,2,0.03636363636363636
IN,LTL,2024-05-01,60,7,0.11666666666666667
IN,LTL,2024-06-01,42,1,0.023809523809523808
IN,PARCEL,2023-01-01,54,4,0.07407407407407407
IN,PARCEL,2023-02-01,42,7,0.16666666666666666
IN,PARCEL,2023-03-01,53,2,0.03773584905660377
IN,PARCEL,2023-04-01,58,3,0.05172413793103448
IN,PARCEL,2023-05-01,56,2,0.03571428571428571
IN,PARCEL,2023-06-01,37,2,0.05405405405405406
IN,PARCEL,2023-07-01,56,6,0.10714285714285714
IN,PARCEL,2023-08-01,48,5,0.10416666666666667
IN,PARCEL,2023-09-01,53,3,0.05660377358490566
IN,PARCEL,2023-10-01,46,3,0.06521739130434782
IN,PARCEL,2023-11-01,47,4,0.0851063829787234
IN,PARCEL,2023-12-01,54,2,0.037037037037037035
IN,PARCEL,2024-01-01,67,3,0.04477611940298507
IN,PARCEL,2024-02-01,36,2,0.05555555555555555
IN,PARCEL,2024-03-01,52,3,0.057692307692307696
IN,PARCEL,2024-04-01,55,1,0.01818181818181818
IN,PARCEL,2024-05-01,61,4,0.06557377049180328
IN,PARCEL,2024-06-01,30,3,0.1
KY,FTL,2023-01-01,54,5,0.09259259259259259
KY,FTL,2023-02-01,44,1,0.022727272727272728
KY,FTL,2023-03-01,70,2,0.02857142857142857
KY,FTL,2023-04-01,40,3,0.075
KY,FTL,2023-05-01,71,5,0.07042253521126761
KY,FTL,2023-06-01,53,5,0.09433962264150944
KY,FTL,2023-07-01,58,5,0.08620689655172414
KY,FTL,2023-08-01,54,5,0.09259259259259259
KY,FTL,2023-09-01,48,8,0.16666666666666666
KY,FTL,2023-10-01,60,4,0.06666666666666667
KY,FTL,2023-11-01,49,4,0.08163265306122448
KY,FTL,2023-12-01,57,3,0.05263157894736842
KY,FTL,2024-01-01,58,5,0.08620689655172414
KY,FTL,2024-02-01,44,0,0.0
KY,FTL,2024-03-01,49,4,0.08163265306122448
KY,FTL,2024-04-01,66,3,0.045454545454545456
KY,FTL,2024-05-01,58,7,0.1206896551724138
KY,FTL,2024-06-01,61,2,0.03278688524590164
KY,LTL,2023-01-01,70,3,0.04285714285714286
KY,LTL,2023-02-01,48,7,0.14583333333333334
KY,LTL,2023-03-01,58,4,0.06896551724137931
KY,LTL,2023-04-01,52,3,0.057692307692307696
KY,LTL,2023-05-01,59,5,0.0847457627118644
KY,LTL,2023-06-01,43,6,0.13953488372093023
KY,LTL,2023-07-01,52,0,0.0
KY,LTL,2023-08-01,54,4,0.07407407407407407
KY,LTL,2023-09-01,54,3,0.05555555555555555
KY,LTL,2023-10-01,59,2,0.03389830508474576
KY,LTL,2023-11-01,52,5,0.09615384615384616
KY,LTL,2023-12-01,69,6,0.08695652173913043
KY,LTL,2024-01-01,45,0,0.0
KY,LTL,2024-02-01,39,2,0.05128205128205128
KY,LTL,2024-03-01,58,3,0.05172413793103448
KY,LTL,2024-04-01,53,1,0.018867924528301886
KY,LTL,2024-05-01,63,3,0.047619047619047616
KY,LTL,2024-06-01,64,4,0.0625
KY,PARCEL,2023-01-01,49,2,0.04081632653061224
KY,PARCEL,2023-02-01,38,3,0.07894736842105263
KY,PARCEL,2023-03-01,60,2,0.03333333333333333
KY,PARCEL,2023-04-01,61,1,0.01639344262295082
KY,PARCEL,2023-05-01,54,4,0.07407407407407407
KY,PARCEL,2023-06-01,50,7,0.14
KY,PARCEL,2023-07-01,46,0,0.0
KY,PARCEL,2023-08-01,59,2,0.03389830508474576
KY,PARCEL,2023-09-01,63,5,0.07936507936507936
KY,PARCEL,2023-10-01,59,3,0.05084745762711865
KY,PARCEL,2023-11-01,62,1,0.016129032258064516
KY,PARCEL,2023-12-01,49,0,0.0
KY,PARCEL,2024-01-01,59,12,0.2033898305084746
KY,PARCEL,2024-02-01,56,1,0.017857142857142856
KY,PARCEL,2024-03-01,48,1,0.020833333333333332
KY,PARCEL,2024-04-01,53,7,0.1320754716981132
KY,PARCEL,2024-05-01,55,6,0.10909090909090909
KY,PARCEL,2024-06-01,57,3,0.05263157894736842
MA,FTL,2023-01-01,52,4,0.07692307692307693
MA,FTL,2023-02-01,47,3,0.06382978723404255
MA,FTL,2023-03-01,44,6,0.13636363636363635
MA,FTL,2023-04-01,37,2,0.05405405405405406
MA,FTL,2023-05-01,50,2,0.04
MA,FTL,2023-06-01,46,3,0.06521739130434782
MA,FTL,2023-07-01,45,3,0.06666666666666667
MA,FTL,2023-08-01,50,3,0.06
MA,FTL,2023-09-01,36,3,0.08333333333333333
MA,FTL,2023-10-01,38,2,0.05263157894736842
MA,FTL,2023-11-01,41,8,0.1951219512195122
MA,FTL,2023-12-01,49,2,0.04081632653061224
MA,FTL,2024-01-01,45,2,0.044444444444444446
MA,FTL,2024-02-01,44,4,0.09090909090909091
MA,FTL,2024-03-01,50,4,0.08
MA,FTL,2024-04-01,48,4,0.08333333333333333
MA,FTL,2024-05-01,53,7,0.1320754716981132
MA,FTL,2024-06-01,39,2,0.05128205128205128
MA,LTL,2023-01-01,33,3,0.09090909090909091
MA,LTL,2023-02-01,22,2,0.09090909090909091
MA,LTL,2023-03-01,25,3,0.12
MA,LTL,2023-04-01,25,1,0.04
MA,LTL,2023-05-01,49,2,0.04081632653061224
MA,LTL,2023-06-01,31,4,0.12903225806451613
MA,LTL,2023-07-01,34,6,0.17647058823529413
MA,LTL,2023-08-01,30,0,0.0
MA,LTL,2023-09-01,36,2,0.05555555555555555
MA,LTL,2023-10-01,31,1,0.03225806451612903
MA,LTL,2023-11-01,24,2,0.08333333333333333
MA,LTL,2023-12-01,30,4,0.13333333333333333
MA,LTL,2024-01-01,38,3,0.07894736842105263
MA,LTL,2024-02-01,31,1,0.03225806451612903
MA,LTL,2024-03-01,40,1,0.025
MA,LTL,2024-04-01,25,2,0.08
MA,LTL,2024-05-01,39,5,0.1282051282051282
MA,LTL,2024-06-01,27,1,0.037037037037037035
MA,PARCEL,2023-01-01,32,1,0.03125
MA,PARCEL,2023-02-01,33,1,0.030303030303030304
MA,PARCEL,2023-03-01,30,2,0.06666666666666667
MA,PARCEL,2023-04-01,28,4,0.14285714285714285
MA,PARCEL,2023-05-01,22,1,0.045454545454545456
MA,PARCEL,2023-06-01,35,2,0.05714285714285714
MA,PARCEL,2023-07-01,34,4,0.11764705882352941
MA,PARCEL,2023-08-01,28,3,0.10714285714285714
MA,PARCEL,2023-09-01,24,2,0.08333333333333333
MA,PARCEL,2023-10-01,42,6,0.14285714285714285
MA,PARCEL,2023-11-01,39,6,0.15384615384615385
MA,PARCEL,2023-12-01,28,1,0.03571428571428571
MA,PARCEL,2024-01-01,27,2,0.07407407407407407
MA,PARCEL,2024-02-01,32,1,0.03125
MA,PARCEL,2024-03-01,24,3,0.125
MA,PARCEL,2024-04-01,36,2,0.05555555555555555
MA,PARCEL,2024-05-01,32,2,0.0625
MA,PARCEL,2024-06-01,22,2,0.09090909090909091
MD,FTL,2023-01-01,44,5,0.11363636363636363
MD,FTL,2023-02-01,28,3,0.10714285714285714
MD,FTL,2023-03-01,38,2,0.05263157894736842
MD,FTL,2023-04-01,35,3,0.08571428571428572
MD,FTL,2023-05-01,31,3,0.0967741935483871
MD,FTL,2023-06-01,27,1,0.037037037037037035
MD,FTL,2023-07-01,24,0,0.0
MD,FTL,2023-08-01,39,3,0.07692307692307693
MD,FTL,2023-09-01,32,1,0.03125
MD,FTL,2023-10-01,37,0,0.0
MD,FTL,2023-11-01,39,1,0.02564102564102564
MD,FTL,2023-12-01,27,2,0.07407407407407407
MD,FTL,2024-01-01,34,1,0.029411764705882353
MD,FTL,2024-02-01,31,4,0.12903225806451613
MD,FTL,2024-03-01,36,1,0.027777777777777776
MD,FTL,2024-04-01,28,0,0.0
MD,FTL,2024-05-01,42,0,0.0
MD,FTL,2024-06-01,39,0,0.0
MD,LTL,2023-01-01,61,5,0.08196721311475409
MD,LTL,2023-02-01,40,2,0.05
MD,LTL,2023-03-01,73,1,0.0136986301369863
MD,LTL,2023-04-01,65,4,0.06153846153846154
MD,LTL,2023-05-01,74,6,0.08108108108108109
MD,LTL,2023-06-01,53,1,0.018867924528301886
MD,LTL,2023-07-01,76,8,0.10526315789473684
MD,LTL,2023-08-01,78,5,0.0641025641025641
MD,LTL,2023-09-01,54,1,0.018518518518518517
MD,LTL,2023-10-01,57,5,0.08771929824561403
MD,LTL,2023-11-01,72,4,0.05555555555555555
MD,LTL,2023-12-01,63,2,0.031746031746031744
MD,LTL,2024-01-01,67,3,0.04477611940298507
MD,LTL,2024-02-01,63,8,0.12698412698412698
MD,LTL,2024-03-01,73,5,0.0684931506849315
MD,LTL,2024-04-01,62,2,0.03225806451612903
MD,LTL,2024-05-01,66,2,0.030303030303030304
MD,LTL,2024-06-01,62,4,0.06451612903225806
MD,PARCEL,2023-01-01,30,2,0.06666666666666667
MD,PARCEL,2023-02-01,30,1,0.03333333333333333
MD,PARCEL,2023-03-01,37,1,0.02702702702702703
MD,PARCEL,2023-04-01,40,5,0.125
MD,PARCEL,2023-05-01,49,2,0.04081632653061224
MD,PARCEL,2023-06-01,31,0,0.0
MD,PARCEL,2023-07-01,38,2,0.05263157894736842
MD,PARCEL,2023-08-01,43,3,0.06976744186046512
MD,PARCEL,2023-09-01,51,3,0.058823529411764705
MD,PARCEL,2023-10-01,43,3,0.06976744186046512
MD,PARCEL,2023-11-01,44,3,0.06818181818181818
MD,PARCEL,2023-12-01,30,2,0.06666666666666667
MD,PARCEL,2024-01-01,45,3,0.06666666666666667
MD,PARCEL,2024-02-01,41,4,0.0975609756097561
MD,PARCEL,2024-03-01,43,4,0.09302325581395349
MD,PARCEL,2024-04-01,47,4,0.0851063829787234
MD,PARCEL,2024-05-01,49,3,0.061224489795918366
MD,PARCEL,2024-06-01,40,4,0.1
MI,FTL,2023-01-01,54,6,0.1111111111111111
MI,FTL,2023-02-01,69,3,0.043478260869565216
MI,FTL,2023-03-01,69,5,0.07246376811594203
MI,FTL,2023-04-01,59,5,0.0847457627118644
MI,FTL,2023-05-01,83,6,0.07228915662650602
MI,FTL,2023-06-01,72,2,0.027777777777777776
MI,FTL,2023-07-01,64,3,0.046875
MI,FTL,2023-08-01,63,7,0.1111111111111111
MI,FTL,2023-09-01,65,4,0.06153846153846154
MI,FTL,2023-10-01,61,9,0.14754098360655737
MI,FTL,2023-11-01,74,5,0.06756756756756757
MI,FTL,2023-12-01,70,3,0.04285714285714286
MI,FTL,2024-01-01,70,3,0.04285714285714286
MI,FTL,2024-02-01,70,2,0.02857142857142857
MI,FTL,2024-03-01,91,12,0.13186813186813187
MI,FTL,2024-04-01,57,5,0.08771929824561403
MI,FTL,2024-05-01,68,6,0.08823529411764706
MI,FTL,2024-06-01,57,4,0.07017543859649122
MI,LTL,2023-01-01,51,4,0.0784313725490196
MI,LTL,2023-02-01,63,3,0.047619047619047616
MI,LTL,2023-03-01,56,1,0.017857142857142856
MI,LTL,2023-04-01,38,5,0.13157894736842105
MI,LTL,2023-05-01,56,4,0.07142857142857142
MI,LTL,2023-06-01,53,3,0.05660377358490566
MI,LTL,2023-07-01,56,3,0.05357142857142857
MI,LTL,2023-08-01,61,4,0.06557377049180328
MI,LTL,2023-09-01,57,3,0.05263157894736842
MI,LTL,2023-10-01,62,8,0.12903225806451613
MI,LTL,2023-11-01,58,4,0.06896551724137931
MI,LTL,2023-12-01,58,4,0.06896551724137931
MI,LTL,2024-01-01,48,5,0.10416666666666667
MI,LTL,2024-02-01,44,4,0.09090909090909091
MI,LTL,2024-03-01,51,6,0.11764705882352941
MI,LTL,2024-04-01,68,5,0.07352941176470588
MI,LTL,2024-05-01,56,7,0.125
MI,LTL,2024-06-01,66,10,0.15151515151515152
MI,PARCEL,2023-01-01,56,5,0.08928571428571429
MI,PARCEL,2023-02-01,59,5,0.0847457627118644
MI,PARCEL,2023-03-01,75,7,0.09333333333333334
MI,PARCEL,2023-04-01,48,3,0.0625
MI,PARCEL,2023-05-01,62,4,0.06451612903225806
MI,PARCEL,2023-06-01,66,7,0.10606060606060606
MI,PARCEL,2023-07-01,66,10,0.15151515151515152
MI,PARCEL,2023-08-01,65,4,0.06153846153846154
MI,PARCEL,2023-09-01,56,3,0.05357142857142857
MI,PARCEL,2023-10-01,64,5,0.078125
MI,PARCEL,2023-11-01,47,2,0.0425531914893617
MI,PARCEL,2023-12-01,65,4,0.06153846153846154
MI,PARCEL,2024-01-01,68,5,0.07352941176470588
MI,PARCEL,2024-02-01,59,8,0.13559322033898305
MI,PARCEL,2024-03-01,48,1,0.020833333333333332
MI,PARCEL,2024-04-01,58,2,0.034482758620689655
MI,PARCEL,2024-05-01,65,4,0.06153846153846154
MI,PARCEL,2024-06-01,63,2,0.031746031746031744
MN,FTL,2023-01-01,47,0,0.0
MN,FTL,2023-02-01,46,5,0.10869565217391304
MN,FTL,2023-03-01,50,6,0.12
MN,FTL,2023-04-01,51,2,0.0392156862745098
MN,FTL,2023-05-01,43,6,0.13953488372093023
MN,FTL,2023-06-01,54,4,0.07407407407407407
MN,FTL,2023-07-01,39,1,0.02564102564102564
MN,FTL,2023-08-01,58,3,0.05172413793103448
MN,FTL,2023-09-01,51,4,0.0784313725490196
MN,FTL,2023-10-01,44,2,0.045454545454545456
MN,FTL,2023-11-01,52,3,0.057692307692307696
MN,FTL,2023-12-01,63,2,0.031746031746031744
MN,FTL,2024-01-01,50,2,0.04
MN,FTL,2024-02-01,47,3,0.06382978723404255
MN,FTL,2024-03-01,50,2,0.04
MN,FTL,2024-04-01,49,3,0.061224489795918366
MN,FTL,2024-05-01,42,3,0.07142857142857142
MN,FTL,2024-06-01,64,3,0.046875
MN,LTL,2023-01-01,37,1,0.02702702702702703
MN,LTL,2023-02-01,29,3,0.10344827586206896
MN,LTL,2023-03-01,34,3,0.08823529411764706
MN,LTL,2023-04-01,26,0,0.0
MN,LTL,2023-05-01,29,1,0.034482758620689655
MN,LTL,2023-06-01,31,1,0.03225806451612903
MN,LTL,2023-07-01,29,7,0.2413793103448276
MN,LTL,2023-08-01,18,2,0.1111111111111111
MN,LTL,2023-09-01,26,3,0.11538461538461539
MN,LTL,2023-10-01,25,4,0.16
MN,LTL,2023-11-01,25,4,0.16
MN,LTL,2023-12-01,28,2,0.07142857142857142
MN,LTL,2024-01-01,36,2,0.05555555555555555
MN,LTL,2024-02-01,33,0,0.0
MN,LTL,2024-03-01,31,2,0.06451612903225806
MN,LTL,2024-04-01,27,4,0.14814814814814814
MN,LTL,2024-05-01,28,1,0.03571428571428571
MN,LTL,2024-06-01,28,2,0.07142857142857142
MN,PARCEL,2023-01-01,42,6,0.14285714285714285
MN,PARCEL,2023-02-01,37,3,0.08108108108108109
MN,PARCEL,2023-03-01,44,2,0.045454545454545456
MN,PARCEL,2023-04-01,42,3,0.07142857142857142
MN,PARCEL,2023-05-01,42,4,0.09523809523809523
MN,PARCEL,2023-06-01,45,5,0.1111111111111111
MN,PARCEL,2023-07-01,59,9,0.15254237288135594
MN,PARCEL,2023-08-01,50,5,0.1
MN,PARCEL,2023-09-01,43,5,0.11627906976744186
MN,PARCEL,2023-10-01,38,5,0.13157894736842105
MN,PARCEL,2023-11-01,43,3,0.06976744186046512
MN,PARCEL,2023-12-01,44,2,0.045454545454545456
MN,PARCEL,2024-01-01,55,4,0.07272727272727272
MN,PARCEL,2024-02-01,41,3,0.07317073170731707
MN,PARCEL,2024-03-01,55,3,0.05454545454545454
MN,PARCEL,2024-04-01,39,3,0.07692307692307693
MN,PARCEL,2024-05-01,43,7,0.16279069767441862
MN,PARCEL,2024-06-01,38,1,0.02631578947368421
MO,FTL,2023-01-01,33,1,0.030303030303030304
MO,FTL,2023-02-01,30,1,0.03333333333333333
MO,FTL,2023-03-01,28,2,0.07142857142857142
MO,FTL,2023-04-01,27,3,0.1111111111111111
MO,FTL,2023-05-01,21,1,0.047619047619047616
MO,FTL,2023-06-01,24,1,0.041666666666666664
MO,FTL,2023-07-01,24,0,0.0
MO,FTL,2023-08-01,16,1,0.0625
MO,FTL,2023-09-01,29,0,0.0
MO,FTL,2023-10-01,34,3,0.08823529411764706
MO,FTL,2023-11-01,35,2,0.05714285714285714
MO,FTL,2023-12-01,31,2,0.06451612903225806
MO,FTL,2024-01-01,21,4,0.19047619047619047
MO,FTL,2024-02-01,29,5,0.1724137931034483
MO,FTL,2024-03-01,41,1,0.024390243902439025
MO,FTL,2024-04-01,32,0,0.0
MO,FTL,2024-05-01,26,0,0.0
MO,FTL,2024-06-01,27,2,0.07407407407407407
MO,LTL,2023-01-01,43,1,0.023255813953488372
MO,LTL,2023-02-01,31,2,0.06451612903225806
MO,LTL,2023-03-01,31,2,0.06451612903225806
MO,LTL,2023-04-01,25,3,0.12
MO,LTL,2023-05-01,32,1,0.03125
MO,LTL,2023-06-01,27,1,0.037037037037037035
MO,LTL,2023-07-01,24,0,0.0
MO,LTL,2023-08-01,35,1,0.02857142857142857
MO,LTL,2023-09-01,29,5,0.1724137931034483
MO,LTL,2023-10-01,46,5,0.10869565217391304
MO,LTL,2023-11-01,27,2,0.07407407407407407
MO,LTL,2023-12-01,31,3,0.0967741935483871
MO,LTL,2024-01-01,23,3,0.13043478260869565
MO,LTL,2024-02-01,27,4,0.14814814814814814
MO,LTL,2024-03-01,39,1,0.02564102564102564
MO,LTL,2024-04-01,25,3,0.12
MO,LTL,2024-05-01,36,0,0.0
MO,LTL,2024-06-01,27,1,0.037037037037037035
MO,PARCEL,2023-01-01,27,2,0.07407407407407407
MO,PARCEL,2023-02-01,28,1,0.03571428571428571
MO,PARCEL,2023-03-01,29,2,0.06896551724137931
MO,PARCEL,2023-04-01,35,2,0.05714285714285714
MO,PARCEL,2023-05-01,36,3,0.08333333333333333
MO,PARCEL,2023-06-01,29,1,0.034482758620689655
MO,PARCEL,2023-07-01,27,4,0.14814814814814814
MO,PARCEL,2023-08-01,32,4,0.125
MO,PARCEL,2023-09-01,37,2,0.05405405405405406
MO,PARCEL,2023-10-01,32,2,0.0625
MO,PARCEL,2023-11-01,28,1,0.03571428571428571
MO,PARCEL,2023-12-01,35,5,0.14285714285714285
MO,PARCEL,2024-01-01,25,3,0.12
MO,PARCEL,2024-02-01,16,3,0.1875
MO,PARCEL,2024-03-01,38,2,0.05263157894736842
MO,PARCEL,2024-04-01,21,2,0.09523809523809523
MO,PARCEL,2024-05-01,39,3,0.07692307692307693
MO,PARCEL,2024-06-01,19,2,0.10526315789473684
NC,FTL,2023-01-01,71,6,0.08450704225352113
NC,FTL,2023-02-01,64,5,0.078125
NC,FTL,2023-03-01,93,5,0.053763440860215055
NC,FTL,2023-04-01,68,4,0.058823529411764705
NC,FTL,2023-05-01,78,6,0.07692307692307693
NC,FTL,2023-06-01,74,11,0.14864864864864866
NC,FTL,2023-07-01,80,5,0.0625
NC,FTL,2023-08-01,90,7,0.07777777777777778
NC,FTL,2023-09-01,70,3,0.04285714285714286
NC,FTL,2023-10-01,77,7,0.09090909090909091
NC,FTL,2023-11-01,84,10,0.11904761904761904
NC,FTL,2023-12-01,77,6,0.07792207792207792
NC,FTL,2024-01-01,72,5,0.06944444444444445
NC,FTL,2024-02-01,73,2,0.0273972602739726
NC,FTL,2024-03-01,70,2,0.02857142857142857
NC,FTL,2024-04-01,58,3,0.05172413793103448
NC,FTL,2024-05-01,84,6,0.07142857142857142
NC,FTL,2024-06-01,84,2,0.023809523809523808
NC,LTL,2023-01-01,73,3,0.0410958904109589
NC,LTL,2023-02-01,78,8,0.10256410256410256
NC,LTL,2023-03-01,49,6,0.12244897959183673
NC,LTL,2023-04-01,59,7,0.11864406779661017
NC,LTL,2023-05-01,67,7,0.1044776119402985
NC,LTL,2023-06-01,72,6,0.08333333333333333
NC,LTL,2023-07-01,58,3,0.05172413793103448
NC,LTL,2023-08-01,63,5,0.07936507936507936
NC,LTL,2023-09-01,53,4,0.07547169811320754
NC,LTL,2023-10-01,66,4,0.06060606060606061
NC,LTL,2023-11-01,65,8,0.12307692307692308
NC,LTL,2023-12-01,73,4,0.0547945205479452
NC,LTL,2024-01-01,70,5,0.07142857142857142
NC,LTL,2024-02-01,61,4,0.06557377049180328
NC,LTL,2024-03-01,78,5,0.0641025641025641
NC,LTL,2024-04-01,60,4,0.06666666666666667
NC,LTL,2024-05-01,78,5,0.0641025641025641
NC,LTL,2024-06-01,63,5,0.07936507936507936
NC,PARCEL,2023-01-01,52,5,0.09615384615384616
NC,PARCEL,2023-02-01,48,6,0.125
NC,PARCEL,2023-03-01,59,2,0.03389830508474576
NC,PARCEL,2023-04-01,63,2,0.031746031746031744
NC,PARCEL,2023-05-01,63,3,0.047619047619047616
NC,PARCEL,2023-06-01,64,2,0.03125
NC,PARCEL,2023-07-01,64,3,0.046875
NC,PARCEL,2023-08-01,55,4,0.07272727272727272
NC,PARCEL,2023-09-01,54,4,0.07407407407407407
NC,PARCEL,2023-10-01,72,7,0.09722222222222222
NC,PARCEL,2023-11-01,55,11,0.2
NC,PARCEL,2023-12-01,58,4,0.06896551724137931
NC,PARCEL,2024-01-01,60,5,0.08333333333333333
NC,PARCEL,2024-02-01,57,4,0.07017543859649122
NC,PARCEL,2024-03-01,42,6,0.14285714285714285
NC,PARCEL,2024-04-01,60,4,0.06666666666666667
NC,PARCEL,2024-05-01,53,1,0.018867924528301886
NC,PARCEL,2024-06-01,60,2,0.03333333333333333
NY,FTL,2023-01-01,114,10,0.08771929824561403
NY,FTL,2023-02-01,83,4,0.04819277108433735
NY,FTL,2023-03-01,90,9,0.1
NY,FTL,2023-04-01,88,10,0.11363636363636363
NY,FTL,2023-05-01,109,11,0.10091743119266056
NY,FTL,2023-06-01,99,8,0.08080808080808081
NY,FTL,2023-07-01,116,9,0.07758620689655173
NY,FTL,2023-08-01,97,7,0.07216494845360824
NY,FTL,2023-09-01,99,6,0.06060606060606061
NY,FTL,2023-10-01,97,7,0.07216494845360824
NY,FTL,2023-11-01,90,11,0.12222222222222222
NY,FTL,2023-12-01,105,7,0.06666666666666667
NY,FTL,2024-01-01,87,7,0.08045977011494253
NY,FTL,2024-02-01,109,5,0.045871559633027525
NY,FTL,2024-03-01,97,5,0.05154639175257732
NY,FTL,2024-04-01,119,9,0.07563025210084033
NY,FTL,2024-05-01,86,5,0.05813953488372093
NY,FTL,2024-06-01,106,4,0.03773584905660377
NY,LTL,2023-01-01,95,5,0.05263157894736842
NY,LTL,2023-02-01,81,10,0.12345679012345678
NY,LTL,2023-03-01,91,8,0.08791208791208792
NY,LTL,2023-04-01,100,9,0.09
NY,LTL,2023-05-01,116,11,0.09482758620689655
NY,LTL,2023-06-01,82,10,0.12195121951219512
NY,LTL,2023-07-01,108,8,0.07407407407407407
NY,LTL,2023-08-01,111,8,0.07207207207207207
NY,LTL,2023-09-01,93,10,0.10752688172043011
NY,LTL,2023-10-01,118,7,0.059322033898305086
NY,LTL,2023-11-01,100,6,0.06
NY,LTL,2023-12-01,121,11,0.09090909090909091
NY,LTL,2024-01-01,112,9,0.08035714285714286
NY,LTL,2024-02-01,99,3,0.030303030303030304
NY,LTL,2024-03-01,111,7,0.06306306306306306
NY,LTL,2024-04-01,101,7,0.06930693069306931
NY,LTL,2024-05-01,99,8,0.08080808080808081
NY,LTL,2024-06-01,87,5,0.05747126436781609
NY,PARCEL,2023-01-01,104,10,0.09615384615384616
NY,PARCEL,2023-02-01,93,2,0.021505376344086023
NY,PARCEL,2023-03-01,110,10,0.09090909090909091
NY,PARCEL,2023-04-01,105,8,0.0761904761904762
NY,PARCEL,2023-05-01,96,13,0.13541666666666666
NY,PARCEL,2023-06-01,84,6,0.07142857142857142
NY,PARCEL,2023-07-01,93,6,0.06451612903225806
NY,PARCEL,2023-08-01,85,5,0.058823529411764705
NY,PARCEL,2023-09-01,88,6,0.06818181818181818
NY,PARCEL,2023-10-01,113,4,0.035398230088495575
NY,PARCEL,2023-11-01,90,7,0.07777777777777778
NY,PARCEL,2023-12-01,107,9,0.08411214953271028
NY,PARCEL,2024-01-01,104,4,0.038461538461538464
NY,PARCEL,2024-02-01,107,4,0.037383177570093455
NY,PARCEL,2024-03-01,102,8,0.0784313725490196
NY,PARCEL,2024-04-01,104,8,0.07692307692307693
NY,PARCEL,2024-05-01,92,8,0.08695652173913043
NY,PARCEL,2024-06-01,78,3,0.038461538461538464
OH,FTL,2023-01-01,87,5,0.05747126436781609
OH,FTL,2023-02-01,76,8,0.10526315789473684
OH,FTL,2023-03-01,82,5,0.06097560975609756
OH,FTL,2023-04-01,84,6,0.07142857142857142
OH,FTL,2023-05-01,84,10,0.11904761904761904
OH,FTL,2023-06-01,78,6,0.07692307692307693
OH,FTL,2023-07-01,80,4,0.05
OH,FTL,2023-08-01,114,8,0.07017543859649122
OH,FTL,2023-09-01,95,8,0.08421052631578947
OH,FTL,2023-10-01,96,5,0.052083333333333336
OH,FTL,2023-11-01,92,4,0.043478260869565216
OH,FTL,2023-12-01,71,4,0.056338028169014086
OH,FTL,2024-01-01,100,9,0.09
OH,FTL,2024-02-01,90,9,0.1
OH,FTL,2024-03-01,89,12,0.1348314606741573
OH,FTL,2024-04-01,78,2,0.02564102564102564
OH,FTL,2024-05-01,70,6,0.08571428571428572
OH,FTL,2024-06-01,95,8,0.08421052631578947
OH,LTL,2023-01-01,97,6,0.061855670103092786
OH,LTL,2023-02-01,74,7,0.0945945945945946
OH,LTL,2023-03-01,100,8,0.08
OH,LTL,2023-04-01,91,3,0.03296703296703297
OH,LTL,2023-05-01,99,8,0.08080808080808081
OH,LTL,2023-06-01,83,3,0.03614457831325301
OH,LTL,2023-07-01,114,11,0.09649122807017543
OH,LTL,2023-08-01,108,6,0.05555555555555555
OH,LTL,2023-09-01,85,3,0.03529411764705882
OH,LTL,2023-10-01,97,6,0.061855670103092786
OH,LTL,2023-11-01,100,7,0.07
OH,LTL,2023-12-01,105,12,0.11428571428571428
OH,LTL,2024-01-01,110,11,0.1
OH,LTL,2024-02-01,87,10,0.11494252873563218
OH,LTL,2024-03-01,95,7,0.07368421052631578
OH,LTL,2024-04-01,89,4,0.0449438202247191
OH,LTL,2024-05-01,99,4,0.04040404040404041
OH,LTL,2024-06-01,90,5,0.05555555555555555
OH,PARCEL,2023-01-01,69,2,0.028985507246376812
OH,PARCEL,2023-02-01,86,7,0.08139534883720931
OH,PARCEL,2023-03-01,70,2,0.02857142857142857
OH,PARCEL,2023-04-01,74,6,0.08108108108108109
OH,PARCEL,2023-05-01,69,4,0.057971014492753624
OH,PARCEL,2023-06-01,65,7,0.1076923076923077
OH,PARCEL,2023-07-01,74,3,0.04054054054054054
OH,PARCEL,2023-08-01,64,10,0.15625
OH,PARCEL,2023-09-01,72,7,0.09722222222222222
OH,PARCEL,2023-10-01,76,7,0.09210526315789473
OH,PARCEL,2023-11-01,72,2,0.027777777777777776
OH,PARCEL,2023-12-01,79,6,0.0759493670886076
OH,PARCEL,2024-01-01,87,4,0.04597701149425287
OH,PARCEL,2024-02-01,73,5,0.0684931506849315
OH,PARCEL,2024-03-01,83,5,0.060240963855421686
OH,PARCEL,2024-04-01,72,7,0.09722222222222222
OH,PARCEL,2024-05-01,68,7,0.10294117647058823
OH,PARCEL,2024-06-01,72,7,0.09722222222222222
OR,FTL,2023-01-01,24,1,0.041666666666666664
OR,FTL,2023-02-01,22,2,0.09090909090909091
OR,FTL,2023-03-01,36,1,0.027777777777777776
OR,FTL,2023-04-01,31,1,0.03225806451612903
OR,FTL,2023-05-01,25,0,0.0
OR,FTL,2023-06-01,33,1,0.030303030303030304
OR,FTL,2023-07-01,20,0,0.0
OR,FTL,2023-08-01,23,3,0.13043478260869565
OR,FTL,2023-09-01,18,2,0.1111111111111111
OR,FTL,2023-10-01,15,0,0.0
OR,FTL,2023-11-01,27,4,0.14814814814814814
OR,FTL,2023-12-01,26,2,0.07692307692307693
OR,FTL,2024-01-01,28,1,0.03571428571428571
OR,FTL,2024-02-01,33,1,0.030303030303030304
OR,FTL,2024-03-01,23,0,0.0
OR,FTL,2024-04-01,28,1,0.03571428571428571
OR,FTL,2024-05-01,30,1,0.03333333333333333
OR,FTL,2024-06-01,24,3,0.125
OR,LTL,2023-01-01,40,3,0.075
OR,LTL,2023-02-01,28,3,0.10714285714285714
OR,LTL,2023-03-01,21,1,0.047619047619047616
OR,LTL,2023-04-01,22,2,0.09090909090909091
OR,LTL,2023-05-01,28,1,0.03571428571428571
OR,LTL,2023-06-01,38,3,0.07894736842105263
OR,LTL,2023-07-01,27,2,0.07407407407407407
OR,LTL,2023-08-01,25,0,0.0
OR,LTL,2023-09-01,30,1,0.03333333333333333
OR,LTL,2023-10-01,24,2,0.08333333333333333
OR,LTL,2023-11-01,28,1,0.03571428571428571
OR,LTL,2023-12-01,48,1,0.020833333333333332
OR,LTL,2024-01-01,32,2,0.0625
OR,LTL,2024-02-01,30,0,0.0
OR,LTL,2024-03-01,28,6,0.21428571428571427
OR,LTL,2024-04-01,41,4,0.0975609756097561
OR,LTL,2024-05-01,27,2,0.07407407407407407
OR,LTL,2024-06-01,31,6,0.1935483870967742
OR,PARCEL,2023-01-01,49,2,0.04081632653061224
OR,PARCEL,2023-02-01,26,2,0.07692307692307693
OR,PARCEL,2023-03-01,42,7,0.16666666666666666
OR,PARCEL,2023-04-01,44,2,0.045454545454545456
OR,PARCEL,2023-05-01,44,2,0.045454545454545456
OR,PARCEL,2023-06-01,39,1,0.02564102564102564
OR,PARCEL,2023-07-01,39,4,0.10256410256410256
OR,PARCEL,2023-08-01,39,5,0.1282051282051282
OR,PARCEL,2023-09-01,38,0,0.0
OR,PARCEL,2023-10-01,39,3,0.07692307692307693
OR,PARCEL,2023-11-01,36,4,0.1111111111111111
OR,PARCEL,2023-12-01,47,2,0.0425531914893617
OR,PARCEL,2024-01-01,37,2,0.05405405405405406
OR,PARCEL,2024-02-01,38,2,0.05263157894736842
OR,PARCEL,2024-03-01,30,5,0.16666666666666666
OR,PARCEL,2024-04-01,50,1,0.02
OR,PARCEL,2024-05-01,37,4,0.10810810810810811
OR,PARCEL,2024-06-01,30,1,0.03333333333333333
PA,FTL,2023-01-01,79,5,0.06329113924050633
PA,FTL,2023-02-01,75,2,0.02666666666666667
PA,FTL,2023-03-01,78,5,0.0641025641025641
PA,FTL,2023-04-01,79,1,0.012658227848101266
PA,FTL,2023-05-01,87,5,0.05747126436781609
PA,FTL,2023-06-01,80,5,0.0625
PA,FTL,2023-07-01,83,6,0.07228915662650602
PA,FTL,2023-08-01,82,4,0.04878048780487805
PA,FTL,2023-09-01,73,7,0.0958904109589041
PA,FTL,2023-10-01,76,4,0.05263157894736842
PA,FTL,2023-11-01,79,5,0.06329113924050633
PA,FTL,2023-12-01,78,5,0.0641025641025641
PA,FTL,2024-01-01,76,4,0.05263157894736842
PA,FTL,2024-02-01,89,5,0.056179775280898875
PA,FTL,2024-03-01,87,10,0.11494252873563218
PA,FTL,2024-04-01,73,7,0.0958904109589041
PA,FTL,2024-05-01,80,4,0.05
PA,FTL,2024-06-01,69,3,0.043478260869565216
PA,LTL,2023-01-01,65,2,0.03076923076923077
PA,LTL,2023-02-01,66,7,0.10606060606060606
PA,LTL,2023-03-01,58,2,0.034482758620689655
PA,LTL,2023-04-01,58,5,0.08620689655172414
PA,LTL,2023-05-01,65,4,0.06153846153846154
PA,LTL,2023-06-01,59,4,0.06779661016949153
PA,LTL,2023-07-01,61,2,0.03278688524590164
PA,LTL,2023-08-01,59,4,0.06779661016949153
PA,LTL,2023-09-01,56,4,0.07142857142857142
PA,LTL,2023-10-01,60,6,0.1
PA,LTL,2023-11-01,63,4,0.06349206349206349
PA,LTL,2023-12-01,75,3,0.04
PA,LTL,2024-01-01,62,3,0.04838709677419355
PA,LTL,2024-02-01,72,6,0.08333333333333333
PA,LTL,2024-03-01,56,6,0.10714285714285714
PA,LTL,2024-04-01,52,1,0.019230769230769232
PA,LTL,2024-05-01,51,7,0.13725490196078433
PA,LTL,2024-06-01,57,3,0.05263157894736842
PA,PARCEL,2023-01-01,82,2,0.024390243902439025
PA,PARCEL,2023-02-01,73,4,0.0547945205479452
PA,PARCEL,2023-03-01,79,5,0.06329113924050633
PA,PARCEL,2023-04-01,76,5,0.06578947368421052
PA,PARCEL,2023-05-01,88,11,0.125
PA,PARCEL,2023-06-01,89,3,0.033707865168539325
PA,PARCEL,2023-07-01,84,7,0.08333333333333333
PA,PARCEL,2023-08-01,96,3,0.03125
PA,PARCEL,2023-09-01,89,7,0.07865168539325842
PA,PARCEL,2023-10-01,72,1,0.013888888888888888
PA,PARCEL,2023-11-01,75,5,0.06666666666666667
PA,PARCEL,2023-12-01,84,7,0.08333333333333333
PA,PARCEL,2024-01-01,93,9,0.0967741935483871
PA,PARCEL,2024-02-01,72,5,0.06944444444444445
PA,PARCEL,2024-03-01,78,5,0.0641025641025641
PA,PARCEL,2024-04-01,84,11,0.13095238095238096
PA,PARCEL,2024-05-01,86,1,0.011627906976744186
PA,PARCEL,2024-06-01,78,7,0.08974358974358974
TN,FTL,2023-01-01,74,6,0.08108108108108109
TN,FTL,2023-02-01,53,3,0.05660377358490566
TN,FTL,2023-03-01,60,1,0.016666666666666666
TN,FTL,2023-04-01,69,3,0.043478260869565216
TN,FTL,2023-05-01,50,5,0.1
TN,FTL,2023-06-01,56,3,0.05357142857142857
TN,FTL,2023-07-01,52,0,0.0
TN,FTL,2023-08-01,59,3,0.05084745762711865
TN,FTL,2023-09-01,56,3,0.05357142857142857
TN,FTL,2023-10-01,52,3,0.057692307692307696
TN,FTL,2023-11-01,58,6,0.10344827586206896
TN,FTL,2023-12-01,58,3,0.05172413793103448
TN,FTL,2024-01-01,57,4,0.07017543859649122
TN,FTL,2024-02-01,43,2,0.046511627906976744
TN,FTL,2024-03-01,71,8,0.11267605633802817
TN,FTL,2024-04-01,57,3,0.05263157894736842
TN,FTL,2024-05-01,71,5,0.07042253521126761
TN,FTL,2024-06-01,65,2,0.03076923076923077
TN,LTL,2023-01-01,47,4,0.0851063829787234
TN,LTL,2023-02-01,46,3,0.06521739130434782
TN,LTL,2023-03-01,45,2,0.044444444444444446
TN,LTL,2023-04-01,52,7,0.1346153846153846
TN,LTL,2023-05-01,42,2,0.047619047619047616
TN,LTL,2023-06-01,37,4,0.10810810810810811
TN,LTL,2023-07-01,43,5,0.11627906976744186
TN,LTL,2023-08-01,62,4,0.06451612903225806
TN,LTL,2023-09-01,61,3,0.04918032786885246
TN,LTL,2023-10-01,49,4,0.08163265306122448
TN,LTL,2023-11-01,50,0,0.0
TN,LTL,2023-12-01,47,3,0.06382978723404255
TN,LTL,2024-01-01,50,3,0.06
TN,LTL,2024-02-01,48,2,0.041666666666666664
TN,LTL,2024-03-01,45,1,0.022222222222222223
TN,LTL,2024-04-01,53,4,0.07547169811320754
TN,LTL,2024-05-01,65,5,0.07692307692307693
TN,LTL,2024-06-01,43,5,0.11627906976744186
TN,PARCEL,2023-01-01,69,6,0.08695652173913043
TN,PARCEL,2023-02-01,45,1,0.022222222222222223
TN,PARCEL,2023-03-01,56,4,0.07142857142857142
TN,PARCEL,2023-04-01,64,8,0.125
TN,PARCEL,2023-05-01,55,7,0.12727272727272726
TN,PARCEL,2023-06-01,50,5,0.1
TN,PARCEL,2023-07-01,50,3,0.06
TN,PARCEL,2023-08-01,57,5,0.08771929824561403
TN,PARCEL,2023-09-01,51,4,0.0784313725490196
TN,PARCEL,2023-10-01,57,2,0.03508771929824561
TN,PARCEL,2023-11-01,51,3,0.058823529411764705
TN,PARCEL,2023-12-01,54,4,0.07407407407407407
TN,PARCEL,2024-01-01,55,4,0.07272727272727272
TN,PARCEL,2024-02-01,48,1,0.020833333333333332
TN,PARCEL,2024-03-01,59,0,0.0
TN,PARCEL,2024-04-01,53,2,0.03773584905660377
TN,PARCEL,2024-05-01,54,5,0.09259259259259259
TN,PARCEL,2024-06-01,58,4,0.06896551724137931
TX,FTL,2023-01-01,101,8,0.07920792079207921
TX,FTL,2023-02-01,80,9,0.1125
TX,FTL,2023-03-01,98,9,0.09183673469387756
TX,FTL,2023-04-01,93,5,0.053763440860215055
TX,FTL,2023-05-01,108,6,0.05555555555555555
TX,FTL,2023-06-01,101,5,0.04950495049504951
TX,FTL,2023-07-01,85,4,0.047058823529411764
TX,FTL,2023-08-01,118,10,0.0847457627118644
TX,FTL,2023-09-01,102,4,0.0392156862745098
TX,FTL,2023-10-01,95,9,0.09473684210526316
TX,FTL,2023-11-01,102,3,0.029411764705882353
TX,FTL,2023-12-01,97,5,0.05154639175257732
TX,FTL,2024-01-01,83,8,0.0963855421686747
TX,FTL,2024-02-01,114,8,0.07017543859649122
TX,FTL,2024-03-01,133,7,0.05263157894736842
TX,FTL,2024-04-01,99,6,0.06060606060606061
TX,FTL,2024-05-01,102,11,0.10784313725490197
TX,FTL,2024-06-01,88,6,0.06818181818181818
TX,LTL,2023-01-01,143,5,0.03496503496503497
TX,LTL,2023-02-01,135,8,0.05925925925925926
TX,LTL,2023-03-01,150,15,0.1
TX,LTL,2023-04-01,137,11,0.08029197080291971
TX,LTL,2023-05-01,172,10,0.05813953488372093
TX,LTL,2023-06-01,147,8,0.05442176870748299
TX,LTL,2023-07-01,185,11,0.05945945945945946
TX,LTL,2023-08-01,149,5,0.03355704697986577
TX,LTL,2023-09-01,160,11,0.06875
TX,LTL,2023-10-01,146,11,0.07534246575342465
TX,LTL,2023-11-01,152,6,0.039473684210526314
TX,LTL,2023-12-01,164,14,0.08536585365853659
TX,LTL,2024-01-01,163,11,0.06748466257668712
TX,LTL,2024-02-01,137,7,0.051094890510948905
TX,LTL,2024-03-01,138,10,0.07246376811594203
TX,LTL,2024-04-01,146,16,0.1095890410958904
TX,LTL,2024-05-01,140,12,0.08571428571428572
TX,LTL,2024-06-01,160,10,0.0625
TX,PARCEL,2023-01-01,153,8,0.05228758169934641
TX,PARCEL,2023-02-01,142,13,0.09154929577464789
TX,PARCEL,2023-03-01,158,16,0.10126582278481013
TX,PARCEL,2023-04-01,142,12,0.08450704225352113
TX,PARCEL,2023-05-01,150,13,0.08666666666666667
TX,PARCEL,2023-06-01,150,10,0.06666666666666667
TX,PARCEL,2023-07-01,153,11,0.0718954248366013
TX,PARCEL,2023-08-01,159,16,0.10062893081761007
TX,PARCEL,2023-09-01,140,8,0.05714285714285714
TX,PARCEL,2023-10-01,144,8,0.05555555555555555
TX,PARCEL,2023-11-01,137,17,0.12408759124087591
TX,PARCEL,2023-12-01,155,8,0.05161290322580645
TX,PARCEL,2024-01-01,125,9,0.072
TX,PARCEL,2024-02-01,142,12,0.08450704225352113
TX,PARCEL,2024-03-01,146,10,0.0684931506849315
TX,PARCEL,2024-04-01,136,5,0.03676470588235294
TX,PARCEL,2024-05-01,133,13,0.09774436090225563
TX,PARCEL,2024-06-01,147,11,0.07482993197278912
UT,FTL,2023-01-01,10,1,0.1
UT,FTL,2023-02-01,20,2,0.1
UT,FTL,2023-03-01,22,1,0.045454545454545456
UT,FTL,2023-04-01,17,2,0.11764705882352941
UT,FTL,2023-05-01,15,1,0.06666666666666667
UT,FTL,2023-06-01,19,1,0.05263157894736842
UT,FTL,2023-07-01,22,2,0.09090909090909091
UT,FTL,2023-08-01,19,0,0.0
UT,FTL,2023-09-01,17,2,0.11764705882352941
UT,FTL,2023-10-01,27,3,0.1111111111111111
UT,FTL,2023-11-01,15,0,0.0
UT,FTL,2023-12-01,25,0,0.0
UT,FTL,2024-01-01,17,0,0.0
UT,FTL,2024-02-01,22,2,0.09090909090909091
UT,FTL,2024-03-01,18,1,0.05555555555555555
UT,FTL,2024-04-01,15,1,0.06666666666666667
UT,FTL,2024-05-01,17,3,0.17647058823529413
UT,FTL,2024-06-01,16,1,0.0625
UT,LTL,2023-01-01,26,1,0.038461538461538464
UT,LTL,2023-02-01,18,0,0.0
UT,LTL,2023-03-01,20,1,0.05
UT,LTL,2023-04-01,33,2,0.06060606060606061
UT,LTL,2023-05-01,21,1,0.047619047619047616
UT,LTL,2023-06-01,30,3,0.1
UT,LTL,2023-07-01,21,2,0.09523809523809523
UT,LTL,2023-08-01,27,2,0.07407407407407407
UT,LTL,2023-09-01,22,2,0.09090909090909091
UT,LTL,2023-10-01,24,1,0.041666666666666664
UT,LTL,2023-11-01,30,1,0.03333333333333333
UT,LTL,2023-12-01,24,3,0.125
UT,LTL,2024-01-01,26,2,0.07692307692307693
UT,LTL,2024-02-01,16,0,0.0
UT,LTL,2024-03-01,24,0,0.0
UT,LTL,2024-04-01,23,0,0.0
UT,LTL,2024-05-01,24,1,0.041666666666666664
UT,LTL,2024-06-01,9,1,0.1111111111111111
UT,PARCEL,2023-01-01,26,1,0.038461538461538464
UT,PARCEL,2023-02-01,16,1,0.0625
UT,PARCEL,2023-03-01,26,2,0.07692307692307693
UT,PARCEL,2023-04-01,29,3,0.10344827586206896
UT,PARCEL,2023-05-01,24,2,0.08333333333333333
UT,PARCEL,2023-06-01,21,2,0.09523809523809523
UT,PARCEL,2023-07-01,19,1,0.05263157894736842
UT,PARCEL,2023-08-01,20,3,0.15
UT,PARCEL,2023-09-01,25,3,0.12
UT,PARCEL,2023-10-01,26,0,0.0
UT,PARCEL,2023-11-01,16,2,0.125
UT,PARCEL,2023-12-01,15,0,0.0
UT,PARCEL,2024-01-01,22,2,0.09090909090909091
UT,PARCEL,2024-02-01,18,1,0.05555555555555555
UT,PARCEL,2024-03-01,18,1,0.05555555555555555
UT,PARCEL,2024-04-01,19,1,0.05263157894736842
UT,PARCEL,2024-05-01,21,0,0.0
UT,PARCEL,2024-06-01,18,1,0.05555555555555555
WA,FTL,2023-01-01,39,2,0.05128205128205128
WA,FTL,2023-02-01,38,0,0.0
WA,FTL,2023-03-01,48,4,0.08333333333333333
WA,FTL,2023-04-01,50,3,0.06
WA,FTL,2023-05-01,50,5,0.1
WA,FTL,2023-06-01,49,6,0.12244897959183673
WA,FTL,2023-07-01,53,8,0.1509433962264151
WA,FTL,2023-08-01,69,3,0.043478260869565216
WA,FTL,2023-09-01,51,3,0.058823529411764705
WA,FTL,2023-10-01,55,4,0.07272727272727272
WA,FTL,2023-11-01,42,4,0.09523809523809523
WA,FTL,2023-12-01,50,1,0.02
WA,FTL,2024-01-01,63,6,0.09523809523809523
WA,FTL,2024-02-01,41,3,0.07317073170731707
WA,FTL,2024-03-01,54,8,0.14814814814814814
WA,FTL,2024-04-01,44,6,0.13636363636363635
WA,FTL,2024-05-01,64,4,0.0625
WA,FTL,2024-06-01,48,5,0.10416666666666667
WA,LTL,2023-01-01,74,8,0.10810810810810811
WA,LTL,2023-02-01,70,4,0.05714285714285714
WA,LTL,2023-03-01,67,3,0.04477611940298507
WA,LTL,2023-04-01,59,2,0.03389830508474576
WA,LTL,2023-05-01,74,6,0.08108108108108109
WA,LTL,2023-06-01,70,9,0.12857142857142856
WA,LTL,2023-07-01,67,6,0.08955223880597014
WA,LTL,2023-08-01,68,5,0.07352941176470588
WA,LTL,2023-09-01,72,5,0.06944444444444445
WA,LTL,2023-10-01,75,4,0.05333333333333334
WA,LTL,2023-11-01,72,7,0.09722222222222222
WA,LTL,2023-12-01,76,4,0.05263157894736842
WA,LTL,2024-01-01,81,11,0.13580246913580246
WA,LTL,2024-02-01,54,3,0.05555555555555555
WA,LTL,2024-03-01,75,5,0.06666666666666667
WA,LTL,2024-04-01,78,5,0.0641025641025641
WA,LTL,2024-05-01,68,6,0.08823529411764706
WA,LTL,2024-06-01,70,10,0.14285714285714285
WA,PARCEL,2023-01-01,43,3,0.06976744186046512
WA,PARCEL,2023-02-01,54,5,0.09259259259259259
WA,PARCEL,2023-03-01,56,4,0.07142857142857142
WA,PARCEL,2023-04-01,62,4,0.06451612903225806
WA,PARCEL,2023-05-01,55,4,0.07272727272727272
WA,PARCEL,2023-06-01,67,4,0.05970149253731343
WA,PARCEL,2023-07-01,56,4,0.07142857142857142
WA,PARCEL,2023-08-01,64,5,0.078125
WA,PARCEL,2023-09-01,50,6,0.12
WA,PARCEL,2023-10-01,77,8,0.1038961038961039
WA,PARCEL,2023-11-01,60,3,0.05
WA,PARCEL,2023-12-01,57,4,0.07017543859649122
WA,PARCEL,2024-01-01,62,5,0.08064516129032258
WA,PARCEL,2024-02-01,65,7,0.1076923076923077
WA,PARCEL,2024-03-01,58,8,0.13793103448275862
WA,PARCEL,2024-04-01,53,6,0.11320754716981132
WA,PARCEL,2024-05-01,56,3,0.05357142857142857
WA,PARCEL,2024-06-01,56,5,0.08928571428571429
