mode,origin_state,month,shipment_count,avg_total_cost,avg_cost_per_lb,median_total_cost,total_spend
FTL,AZ,2023-01-01,24,112.45125,0.10479624581703822,75.05,2698.83
FTL,AZ,2023-02-01,31,115.1125806451613,0.1024679605001092,79.23,3568.4900000000002
FTL,AZ,2023-03-01,40,142.23174999999998,0.11326723836322963,66.6,5689.2699999999995
FTL,AZ,2023-04-01,40,114.73625,0.11799772990949524,87.66499999999999,4589.45
FTL,AZ,2023-05-01,30,114.80999999999999,0.11285063556937387,69.89,3444.2999999999997
FTL,AZ,2023-06-01,21,139.6990476190476,0.09778792864266798,53.44,2933.68
FTL,AZ,2023-07-01,32,140.4140625,0.10818972149305905,43.35,4493.25
FTL,AZ,2023-08-01,32,93.8653125,0.11198498943382183,47.144999999999996,3003.69
FTL,AZ,2023-09-01,36,126.21166666666666,0.1137261021797656,78.10499999999999,4543.62
FTL,AZ,2023-10-01,32,174.485625,0.11085463874612948,92.86,5583.54
FTL,AZ,2023-11-01,38,99.87552631578947,0.09755019856152318,59.14,3795.27
FTL,AZ,2023-12-01,20,178.8655,0.1050015060276511,109.22999999999999,3577.31
FTL,AZ,2024-01-01,42,144.5247619047619,0.09231959110347024,48.735,6070.04
FTL,AZ,2024-02-01,31,83.26612903225806,0.11004010581856777,51.84,2581.25
FTL,AZ,2024-03-01,41,140.93975609756097,0.09815221385990426,58.42,5778.53
FTL,AZ,2024-04-01,30,165.86966666666666,0.12370255726811867,88.13499999999999,4976.09
FTL,AZ,2024-05-01,29,127.62241379310345,0.13970261590302704,70.39,3701.05
FTL,AZ,2024-06-01,22,166.39227272727274,0.09383968350412646,115.28999999999999,3660.63
FTL,CA,2023-01-01,108,162.53592592592594,0.1141662596743598,71.155,17553.88
FTL,CA,2023-02-01,90,155.94622222222222,0.10938866215989392,61.650000000000006,14035.16
FTL,CA,2023-03-01,116,191.05568965517242,0.11857416161440085,70.155,22162.46
FTL,CA,2023-04-01,97,133.360618556701,0.11568346489702643,76.2,12935.98
FTL,CA,2023-05-01,123,209.26666666666665,0.12079716985673208,82.01,25739.8
FTL,CA,2023-06-01,115,142.05417391304348,0.11027728408811516,58.58,16336.23
FTL,CA,2023-07-01,100,195.9161,0.11746309984213461,68.08500000000001,19591.61
FTL,CA,2023-08-01,111,134.91162162162163,0.1159460078266372,80.48,14975.19
FTL,CA,2023-09-01,106,164.74811320754716,0.11504234714712627,81.015,17463.3
FTL,CA,2023-10-01,128,171.224453125,0.11875312798129352,100.965,21916.73
FTL,CA,2023-11-01,97,139.79072164948454,0.11456403387222897,65.64,13559.7
FTL,CA,2023-12-01,120,155.45583333333335,0.11471640850148566,67.81,18654.7
FTL,CA,2024-01-01,104,250.43240384615385,0.1267435390524014,80.7,26044.97
FTL,CA,2024-02-01,95,193.3042105263158,0.11819832396414055,66.26,18363.9
FTL,CA,2024-03-01,106,124.82716981132076,0.10317277517405916,45.275,13231.68
FTL,CA,2024-04-01,105,138.1387619047619,0.1179425968500374,75.02,14504.57
FTL,CA,2024-05-01,120,127.387,0.10694525322704014,66.585,15286.44
FTL,CA,2024-06-01,105,103.97819047619046,0.1013706466535475,51.01,10917.71
FTL,CO,2023-01-01,28,121.14642857142857,0.10632751286713782,49.69,3392.1
FTL,CO,2023-02-01,34,101.66676470588236,0.09369389069426727,75.19999999999999,3456.67
FTL,CO,2023-03-01,37,110.48594594594594,0.11767174682896311,65.08,4087.98
FTL,CO,2023-04-01,25,78.1244,0.09577807646205949,28.58,1953.11
FTL,CO,2023-05-01,33,168.01151515151514,0.09883719997163597,86.67,5544.38
FTL,CO,2023-06-01,28,143.77464285714285,0.10984750908598516,77.16499999999999,4025.69
FTL,CO,2023-07-01,34,130.26529411764707,0.12883565937944272,67.59,4429.02
FTL,CO,2023-08-01,39,129.6428205128205,0.10263539559567622,66.44,5056.07
FTL,CO,2023-09-01,23,134.75521739130434,0.10331115322821871,98.57,3099.37
FTL,CO,2023-10-01,37,156.67864864864865,0.138637963951439,62.11,5797.11
FTL,CO,2023-11-01,35,128.42542857142857,0.11725808029419199,50.19,4494.89
FTL,CO,2023-12-01,24,127.38666666666667,0.11844739735735993,77.695,3057.28
FTL,CO,2024-01-01,31,742.2154838709678,0.14320462303310205,63.11,23008.68
FTL,CO,2024-02-01,35,92.45428571428572,0.12074381326212393,46.18,3235.9
FTL,CO,2024-03-01,45,257.60155555555554,0.10859019357885624,57.11,11592.07
FTL,CO,2024-04-01,26,129.33653846153845,0.09413925689724117,55.425,3362.75
FTL,CO,2024-05-01,36,173.28194444444446,0.1358575261492242,133.06,6238.150000000001
FTL,CO,2024-06-01,20,128.57549999999998,0.10358014742395434,68.11,2571.5099999999998
FTL,FL,2023-01-01,97,206.12061855670103,0.11811096887063208,86.34,19993.7
FTL,FL,2023-02-01,111,130.21045045045045,0.10189474721497152,73.46,14453.36
FTL,FL,2023-03-01,106,129.44698113207548,0.10278329528753877,67.75,13721.380000000001
FTL,FL,2023-04-01,98,159.09979591836736,0.11440835917927009,47.82,15591.78
FTL,FL,2023-05-01,112,171.11633928571428,0.12533229048352346,60.74,19165.03
FTL,FL,2023-06-01,98,190.52724489795918,0.10371307090759972,82.685,18671.67
FTL,FL,2023-07-01,94,183.93563829787234,0.11965327038035357,77.08500000000001,17289.95
FTL,FL,2023-08-01,90,148.4711111111111,0.10253554436782578,79.69,13362.4
FTL,FL,2023-09-01,104,144.9364423076923,0.10814221871949432,58.69,15073.39
FTL,FL,2023-10-01,108,136.5662037037037,0.113316000879051,78.86500000000001,14749.15
FTL,FL,2023-11-01,104,127.57211538461539,0.11264679128771957,59.91,13267.5
FTL,FL,2023-12-01,106,128.65056603773587,0.10955075488095796,58.575,13636.960000000001
FTL,FL,2024-01-01,110,146.40554545454546,0.10970324812611366,53.715,16104.61
FTL,FL,2024-02-01,97,125.13103092783506,0.11103193230595233,71.56,12137.710000000001
FTL,FL,2024-03-01,96,139.81260416666666,0.10976423339693521,79.595,13422.01
FTL,FL,2024-04-01,105,132.85733333333334,0.09936388899599602,54.85,13950.02
FTL,FL,2024-05-01,106,261.97886792452834,0.10201034358147529,65.18,27769.760000000002
FTL,FL,2024-06-01,109,206.848623853211,0.12162454724214557,80.74,22546.5
FTL,GA,2023-01-01,64,238.9284375,0.11217025823313964,63.515,15291.42
FTL,GA,2023-02-01,63,121.4931746031746,0.11848453168804565,67.37,7654.07
FTL,GA,2023-03-01,81,135.21469135802468,0.1219201919326357,60.27,10952.39
FTL,GA,2023-04-01,74,172.03486486486486,0.11366356805153688,58.415000000000006,12730.58
FTL,GA,2023-05-01,79,142.96569620253163,0.10532331656424067,67.38,11294.289999999999
FTL,GA,2023-06-01,68,128.5279411764706,0.10624116287868386,69.515,8739.9
FTL,GA,2023-07-01,74,160.71135135135134,0.11328218243785937,55.114999999999995,11892.64
FTL,GA,2023-08-01,80,199.46837499999998,0.1268692636873899,95.66,15957.47
FTL,GA,2023-09-01,69,257.94550724637685,0.12496638871745516,89.85,17798.24
FTL,GA,2023-10-01,85,137.5184705882353,0.10523741588738353,72.96,11689.07
FTL,GA,2023-11-01,81,174.56172839506172,0.10950275482460385,75.26,14139.5
FTL,GA,2023-12-01,93,134.07806451612905,0.1219490982581199,57.4,12469.26
FTL,GA,2024-01-01,76,144.77105263157895,0.11292953075545635,75.715,11002.6
FTL,GA,2024-02-01,63,230.6157142857143,0.12135460593938521,64.65,14528.79
FTL,GA,2024-03-01,97,161.37742268041237,0.12177220905211926,72.86,15653.61
FTL,GA,2024-04-01,71,115.89802816901408,0.1160963970658593,68.05,8228.76
FTL,GA,2024-05-01,80,168.14837500000002,0.11999657503430472,95.275,13451.87
FTL,GA,2024-06-01,67,136.62746268656716,0.11733994690330957,58.95,9154.039999999999
FTL,IL,2023-01-01,109,198.9843119266055,0.12050598327164788,92.97,21689.29
FTL,IL,2023-02-01,87,120.36942528735632,0.11917251466617458,57.17,10472.14
FTL,IL,2023-03-01,102,136.94156862745098,0.11356331013202736,74.63,13968.039999999999
FTL,IL,2023-04-01,91,121.86736263736265,0.11234642201701273,59.65,11089.93
FTL,IL,2023-05-01,94,163.40936170212765,0.11909304148963694,77.055,15360.48
FTL,IL,2023-06-01,91,173.17395604395605,0.1095332228253021,94.35,15758.83
FTL,IL,2023-07-01,81,130.1706172839506,0.11483780997261915,69.17,10543.82
FTL,IL,2023-08-01,119,139.6753781512605,0.10294912085422675,76.97,16621.37
FTL,IL,2023-09-01,92,196.5626086956522,0.11000902853115195,65.43,18083.760000000002
FTL,IL,2023-10-01,96,169.185625,0.1118535681367479,61.48,16241.82
FTL,IL,2023-11-01,112,168.30973214285714,0.1152415606097543,69.205,18850.69
FTL,IL,2023-12-01,108,129.38796296296297,0.11146206098715722,62.19,13973.9
FTL,IL,2024-01-01,109,145.45036697247707,0.11426746985724258,74.1,15854.09
FTL,IL,2024-02-01,79,183.46632911392405,0.12098444419809241,83.21,14493.84
FTL,IL,2024-03-01,102,134.43176470588236,0.11176932236304757,54.325,13712.04
FTL,IL,2024-04-01,97,149.21113402061854,0.1149841899337646,55.49,14473.48
FTL,IL,2024-05-01,101,137.79247524752475,0.11249892888770432,67.97,13917.04
FTL,IL,2024-06-01,88,117.50204545454545,0.10780196165046609,61.379999999999995,10340.18
FTL,IN,2023-01-01,46,104.03608695652174,0.11781513111881163,70.93,4785.66
FTL,IN,2023-02-01,43,146.18441860465117,0.10396623511136949,63.4,6285.93
FTL,IN,2023-03-01,44,125.25727272727272,0.11682793391396236,71.2,5511.32
FTL,IN,2023-04-01,51,180.25745098039215,0.1133496166879218,53.26,9193.13
FTL,IN,2023-05-01,46,178.97108695652173,0.13036023817667197,78.695,8232.67
FTL,IN,2023-06-01,46,157.4930434782609,0.11981921664024768,90.92500000000001,7244.68
FTL,IN,2023-07-01,34,106.9770588235294,0.11247132834584077,46.315,3637.22
FTL,IN,2023-08-01,36,105.26944444444445,0.108937812740397,71.72999999999999,3789.7
FTL,IN,2023-09-01,53,113.92905660377357,0.11170986445893591,58.06,6038.24
FTL,IN,2023-10-01,44,141.7540909090909,0.10756434145676166,73.575,6237.18
FTL,IN,2023-11-01,40,166.76775,0.12322100538049936,78.72999999999999,6670.71
FTL,IN,2023-12-01,59,140.49169491525424,0.09578631342833664,74.61,8289.01
FTL,IN,2024-01-01,56,119.78089285714285,0.10432167914432533,63.525000000000006,6707.73
FTL,IN,2024-02-01,36,147.3875,0.10317855200036981,87.425,5305.95
FTL,IN,2024-03-01,49,115.9038775510204,0.11012615624592621,64.41,5679.29
FTL,IN,2024-04-01,36,289.3611111111111,0.10169103571075634,60.075,10417.0
FTL,IN,2024-05-01,36,209.0922222222222,0.13070500864845688,93.65,7527.32
FTL,IN,2024-06-01,53,225.9156603773585,0.1034436157424836,83.66,11973.53
FTL,KY,2023-01-01,54,164.04962962962964,0.12354984281469383,74.675,8858.68
FTL,KY,2023-02-01,44,125.0134090909091,0.1037112375960155,51.525,5500.59
FTL,KY,2023-03-01,70,115.04814285714285,0.10309783307482351,56.07,8053.37
FTL,KY,2023-04-01,40,118.061,0.11449276775141473,59.22,4722.4400000000005
FTL,KY,2023-05-01,71,136.04436619718308,0.11383921655155457,55.95,9659.15
FTL,KY,2023-06-01,53,118.87830188679246,0.11922181938853917,52.56,6300.55
FTL,KY,2023-07-01,58,122.13206896551723,0.11726376511152793,69.64500000000001,7083.66
FTL,KY,2023-08-01,54,114.32055555555554,0.12002038596296304,55.58,6173.3099999999995
FTL,KY,2023-09-01,48,235.95125,0.1438740609041288,88.37,11325.66
FTL,KY,2023-10-01,60,121.05816666666666,0.10925520615078871,60.41,7263.49
FTL,KY,2023-11-01,49,163.40265306122447,0.11998556626604687,77.8,8006.73
FTL,KY,2023-12-01,57,117.66035087719298,0.1070463247311841,59.34,6706.64
FTL,KY,2024-01-01,58,226.33448275862068,0.11685147259603902,94.87,13127.4
FTL,KY,2024-02-01,44,115.64795454545455,0.0906238225142124,56.519999999999996,5088.51
FTL,KY,2024-03-01,49,95.40857142857142,0.11419971942143087,60.36,4675.0199999999995
FTL,KY,2024-04-01,66,97.89954545454545,0.10318202455785798,53.075,6461.37
FTL,KY,2024-05-01,58,215.33706896551723,0.12766178028940828,95.82499999999999,12489.55
FTL,KY,2024-06-01,61,186.04508196721312,0.0989894234861696,80.13,11348.75
FTL,MA,2023-01-01,52,171.53,0.12119655098500594,67.37,8919.56
FTL,MA,2023-02-01,47,135.88702127659576,0.11929165641378212,75.74,6386.6900000000005
FTL,MA,2023-03-01,44,132.15727272727273,0.13497352292582174,82.025,5814.92
FTL,MA,2023-04-01,37,159.7381081081081,0.11508330186460111,65.61,5910.3099999999995
FTL,MA,2023-05-01,50,113.58319999999999,0.10798205899782448,53.605000000000004,5679.16
FTL,MA,2023-06-01,46,152.15195652173912,0.11719366577135912,63.290000000000006,6998.99
FTL,MA,2023-07-01,45,159.07711111111112,0.12086263746178072,79.1,7158.47
FTL,MA,2023-08-01,50,169.8288,0.1147682182639262,85.06,8491.44
FTL,MA,2023-09-01,36,116.24361111111112,0.11674440229451975,83.39,4184.77
FTL,MA,2023-10-01,38,128.57894736842104,0.11392537764873119,50.37,4886.0
FTL,MA,2023-11-01,41,202.36560975609757,0.14872628464985868,109.91,8296.99
FTL,MA,2023-12-01,49,264.0102040816326,0.11676485368832211,83.34,12936.499999999998
FTL,MA,2024-01-01,45,199.07444444444445,0.10846918024799482,77.2,8958.35
FTL,MA,2024-02-01,44,228.67772727272725,0.12324197093028637,68.52000000000001,10061.82
FTL,MA,2024-03-01,50,181.6264,0.12083373153358887,67.97999999999999,9081.32
FTL,MA,2024-04-01,48,242.74062500000002,0.12033147177076686,72.03,11651.550000000001
FTL,MA,2024-05-01,53,260.1345283018868,0.14780709871997225,77.57,13787.13
FTL,MA,2024-06-01,39,100.14692307692307,0.11747677807855166,56.79,3905.73
FTL,MD,2023-01-01,44,123.26386363636362,0.12186831879261258,75.21000000000001,5423.61
FTL,MD,2023-02-01,28,157.0842857142857,0.12159581629149566,74.61,4398.36
FTL,MD,2023-03-01,38,165.46342105263156,0.11158139636162771,86.595,6287.61
FTL,MD,2023-04-01,35,82.39457142857142,0.11936326636148291,53.6,2883.81
FTL,MD,2023-05-01,31,177.65935483870967,0.12276724820897292,77.43,5507.44
FTL,MD,2023-06-01,27,82.36925925925925,0.10840350291149832,45.37,2223.97
FTL,MD,2023-07-01,24,132.8825,0.09496250837349991,89.75,3189.18
FTL,MD,2023-08-01,39,218.55692307692306,0.11747193352661964,102.09,8523.72
FTL,MD,2023-09-01,32,193.0415625,0.10321378343899086,61.4,6177.33
FTL,MD,2023-10-01,37,110.54864864864865,0.09418499155946099,52.85,4090.3
FTL,MD,2023-11-01,39,103.56051282051283,0.10437716818257191,53.48,4038.86
FTL,MD,2023-12-01,27,86.50962962962964,0.11120262225376927,32.56,2335.76
FTL,MD,2024-01-01,34,116.72500000000001,0.10110765976877818,74.61000000000001,3968.65
FTL,MD,2024-02-01,31,237.01483870967738,0.1307606124359413,65.92,7347.459999999999
FTL,MD,2024-03-01,36,167.10055555555556,0.1051092559208659,59.525,6015.62
FTL,MD,2024-04-01,28,73.95392857142858,0.09186286004602102,47.86,2070.71
FTL,MD,2024-05-01,42,121.20619047619047,0.09350940310427876,75.445,5090.66
FTL,MD,2024-06-01,39,122.34076923076923,0.09400995475701851,64.8,4771.29
FTL,MI,2023-01-01,54,179.29925925925926,0.12599590989200826,71.55,9682.16
FTL,MI,2023-02-01,69,137.7863768115942,0.1106241226467738,77.18,9507.26
FTL,MI,2023-03-01,69,219.55623188405795,0.11997361823369129,59.36,15149.38
FTL,MI,2023-04-01,59,213.18983050847459,0.11917654545603414,83.62,12578.2
FTL,MI,2023-05-01,83,184.83048192771085,0.11772445412684314,71.14,15340.93
FTL,MI,2023-06-01,72,177.10861111111112,0.10250681133409521,70.625,12751.82
FTL,MI,2023-07-01,64,104.65453125,0.10618829942362935,50.075,6697.89
FTL,MI,2023-08-01,63,128.54888888888888,0.12705614051598588,66.52,8098.58
FTL,MI,2023-09-01,65,167.1703076923077,0.10779293970950382,80.82,10866.07
FTL,MI,2023-10-01,61,180.68852459016392,0.12733221769117348,88.2,11022.0
FTL,MI,2023-11-01,74,116.48175675675675,0.10594509952754173,55.125,8619.65
FTL,MI,2023-12-01,70,180.7177142857143,0.10492202601267536,95.50999999999999,12650.24
FTL,MI,2024-01-01,70,155.12857142857143,0.10384633846484677,68.845,10859.0
FTL,MI,2024-02-01,70,128.33357142857145,0.10212449324475008,64.345,8983.35
FTL,MI,2024-03-01,91,128.09978021978023,0.12879193355561605,52.33,11657.08
FTL,MI,2024-04-01,57,181.95350877192982,0.11248720735402168,68.79,10371.35
FTL,MI,2024-05-01,68,157.7383823529412,0.11940038556427135,68.305,10726.210000000001
FTL,MI,2024-06-01,57,123.6519298245614,0.11006855403667841,57.67,7048.16
FTL,MN,2023-01-01,47,149.40893617021277,0.09821713039910157,73.87,7022.22
FTL,MN,2023-02-01,46,137.42782608695651,0.12757850697799078,54.84,6321.679999999999
FTL,MN,2023-03-01,50,236.0404,0.1321712882892091,68.13,11802.02
FTL,MN,2023-04-01,51,119.18137254901961,0.1087112258246088,77.98,6078.25
FTL,MN,2023-05-01,43,132.23302325581395,0.13213436331824494,78.35,5686.0199999999995
FTL,MN,2023-06-01,54,131.58685185185186,0.11270283678568874,87.185,7105.6900000000005
FTL,MN,2023-07-01,39,117.10794871794872,0.09963659398170914,77.54,4567.21
FTL,MN,2023-08-01,58,178.3556896551724,0.10599812256693374,70.0,10344.63
FTL,MN,2023-09-01,51,135.53392156862745,0.11401512368709689,68.82,6912.2300000000005
FTL,MN,2023-10-01,44,150.14409090909092,0.10635191552292735,73.55000000000001,6606.34
FTL,MN,2023-11-01,52,217.38442307692307,0.10724641998495331,95.61500000000001,11303.99
FTL,MN,2023-12-01,63,141.455873015873,0.10508731372156746,53.55,8911.72
FTL,MN,2024-01-01,50,143.4128,0.10389359099332307,71.455,7170.64
FTL,MN,2024-02-01,47,167.54553191489362,0.10981067669972683,73.17,7874.639999999999
FTL,MN,2024-03-01,50,96.8126,0.09994777023902426,77.475,4840.63
FTL,MN,2024-04-01,49,200.14714285714285,0.11055587975416198,71.76,9807.21
FTL,MN,2024-05-01,42,237.2047619047619,0.11036727266732956,87.41499999999999,9962.6
FTL,MN,2024-06-01,64,119.92375,0.10518569358639454,62.519999999999996,7675.12
FTL,MO,2023-01-01,33,101.97121212121213,0.1008428207666277,65.63,3365.05
FTL,MO,2023-02-01,30,102.79,0.10608934459793959,73.63499999999999,3083.7000000000003
FTL,MO,2023-03-01,28,109.59357142857142,0.11693594062411336,75.96000000000001,3068.62
FTL,MO,2023-04-01,27,108.2074074074074,0.12017959250028439,48.62,2921.6
FTL,MO,2023-05-01,21,151.56380952380954,0.10758671569683768,74.96,3182.84
FTL,MO,2023-06-01,24,91.49125,0.10444045727213537,37.715,2195.79
FTL,MO,2023-07-01,24,143.05708333333334,0.09429653847517155,88.47,3433.37
FTL,MO,2023-08-01,16,272.4175,0.12308859069697321,81.28999999999999,4358.68
FTL,MO,2023-09-01,29,212.35689655172416,0.09496848118201144,96.16,6158.35
FTL,MO,2023-10-01,34,160.9914705882353,0.11502602700450361,55.825,5473.71
FTL,MO,2023-11-01,35,105.75714285714285,0.10222978236021911,85.17,3701.5
FTL,MO,2023-12-01,31,207.53483870967742,0.10376976222087754,79.12,6433.58
FTL,MO,2024-01-01,21,207.03523809523807,0.13997385257775058,72.74,4347.74
FTL,MO,2024-02-01,29,141.49517241379309,0.13774225091812878,51.96,4103.36
FTL,MO,2024-03-01,41,144.8809756097561,0.09783995690751394,65.11,5940.12
FTL,MO,2024-04-01,32,106.3146875,0.09501218337047071,58.475,3402.07
FTL,MO,2024-05-01,26,155.71461538461537,0.09264364488071683,59.0,4048.58
FTL,MO,2024-06-01,27,141.1888888888889,0.11384791357733803,83.99,3812.1000000000004
FTL,NC,2023-01-01,71,146.47281690140844,0.12384122664342771,61.37,10399.57
FTL,NC,2023-02-01,64,124.05125,0.11969091889965724,58.870000000000005,7939.28
FTL,NC,2023-03-01,93,128.6916129032258,0.11250494320563537,58.62,11968.32
FTL,NC,2023-04-01,68,140.97632352941176,0.11559744538551275,60.21,9586.39
FTL,NC,2023-05-01,78,170.04076923076923,0.11613037580605044,62.629999999999995,13263.18
FTL,NC,2023-06-01,74,167.17418918918918,0.1323593138604374,87.595,12370.89
FTL,NC,2023-07-01,80,155.2405,0.11536872998789058,71.77,12419.24
FTL,NC,2023-08-01,90,173.19433333333333,0.11726168005679018,74.16,15587.49
FTL,NC,2023-09-01,70,162.17185714285716,0.10760622260885609,80.36500000000001,11352.03
FTL,NC,2023-10-01,77,121.52012987012986,0.12024853007001353,60.09,9357.05
FTL,NC,2023-11-01,84,188.97392857142856,0.12461123572584754,62.585,15873.81
FTL,NC,2023-12-01,77,130.9874025974026,0.11338850207723232,69.3,10086.03
FTL,NC,2024-01-01,72,136.15041666666667,0.11310200851810943,66.755,9802.83
FTL,NC,2024-02-01,73,163.23191780821918,0.10168342672773162,66.74,11915.93
FTL,NC,2024-03-01,70,115.99657142857143,0.10323016850523963,77.38,8119.76
FTL,NC,2024-04-01,58,154.0993103448276,0.10896808685608524,55.655,8937.76
FTL,NC,2024-05-01,84,122.74130952380953,0.1160095925623484,59.375,10310.27
FTL,NC,2024-06-01,84,149.19,0.1040682908831525,69.0,12531.96
FTL,NY,2023-01-01,114,169.80508771929823,0.12147477149099752,62.25,19357.78
FTL,NY,2023-02-01,83,148.95843373493975,0.11036485370426183,63.66,12363.55
FTL,NY,2023-03-01,90,129.707,0.12412526149653635,61.17,11673.63
FTL,NY,2023-04-01,88,177.63454545454545,0.1274100713339016,72.8,15631.84
FTL,NY,2023-05-01,109,164.38201834862386,0.1268722160206389,77.54,17917.64
FTL,NY,2023-06-01,99,133.76333333333332,0.11620997417095232,72.43,13242.57
FTL,NY,2023-07-01,116,197.09224137931034,0.11581908812098857,78.80000000000001,22862.7
FTL,NY,2023-08-01,97,139.54061855670105,0.1099954716308319,67.6,13535.44
FTL,NY,2023-09-01,99,217.1818181818182,0.11629930741678589,59.09,21501.0
FTL,NY,2023-10-01,97,112.77525773195877,0.11784298460850033,63.43,10939.2
FTL,NY,2023-11-01,90,139.67266666666666,0.12369979838187994,58.11,12570.539999999999
FTL,NY,2023-12-01,105,131.7352380952381,0.11037003977767397,75.71,13832.2
FTL,NY,2024-01-01,87,158.96103448275863,0.11677191064648505,71.48,13829.61
FTL,NY,2024-02-01,109,151.44724770642202,0.10656668773308886,74.83,16507.75
FTL,NY,2024-03-01,97,132.18958762886598,0.11076400959823639,82.8,12822.390000000001
FTL,NY,2024-04-01,119,187.8414285714286,0.1170895412577382,82.78,22353.13
FTL,NY,2024-05-01,86,168.91860465116278,0.10730849548792665,66.50999999999999,14527.0
FTL,NY,2024-06-01,106,137.38009433962264,0.1078746593638036,74.03,14562.29
FTL,OH,2023-01-01,87,141.71609195402297,0.11877624569785115,72.34,12329.3
FTL,OH,2023-02-01,76,165.09355263157894,0.1329216013597814,53.504999999999995,12547.109999999999
FTL,OH,2023-03-01,82,174.34621951219512,0.11966705381038294,75.36500000000001,14296.39
FTL,OH,2023-04-01,84,157.60345238095238,0.11973577538873642,71.71000000000001,13238.69
FTL,OH,2023-05-01,84,239.48285714285717,0.13709762590212346,105.36500000000001,20116.56
FTL,OH,2023-06-01,78,153.36307692307693,0.12338217855899018,91.27,11962.32
FTL,OH,2023-07-01,80,163.6745,0.11055837611143496,80.64,13093.96
FTL,OH,2023-08-01,114,128.55026315789473,0.11429140284672633,51.735,14654.73
FTL,OH,2023-09-01,95,145.85694736842106,0.12651920649099088,68.31,13856.41
FTL,OH,2023-10-01,96,184.19479166666667,0.1107352637110555,84.305,17682.7
FTL,OH,2023-11-01,92,177.0075,0.10818888996623972,70.75,16284.69
FTL,OH,2023-12-01,71,146.08028169014085,0.11148807707607837,68.22,10371.7
FTL,OH,2024-01-01,100,125.0468,0.12125343536754993,68.32,12504.68
FTL,OH,2024-02-01,90,103.22055555555556,0.11873457495991242,59.955,9289.85
FTL,OH,2024-03-01,89,202.95101123595504,0.13327312150662748,105.32,18062.64
FTL,OH,2024-04-01,78,114.29435897435896,0.10260776338059571,55.09,8914.96
FTL,OH,2024-05-01,70,124.13385714285715,0.11935550017626266,56.275000000000006,8689.37
FTL,OH,2024-06-01,95,149.7923157894737,0.12263995580507998,55.6,14230.27
FTL,OR,2023-01-01,24,87.83583333333333,0.10859415989431594,39.254999999999995,2108.06
FTL,OR,2023-02-01,22,99.50500000000001,0.11386165816392048,44.760000000000005,2189.11
FTL,OR,2023-03-01,36,357.3675,0.10722662255919735,50.595,12865.23
FTL,OR,2023-04-01,31,134.99870967741936,0.10128727684901674,82.67,4184.96
FTL,OR,2023-05-01,25,101.2112,0.09931335088558002,52.08,2530.28
FTL,OR,2023-06-01,33,163.9187878787879,0.11027875498852763,74.45,5409.320000000001
FTL,OR,2023-07-01,20,89.3225,0.09392259850380247,56.795,1786.45
FTL,OR,2023-08-01,23,62.62521739130435,0.12174774059331962,43.28,1440.38
FTL,OR,2023-09-01,18,159.6538888888889,0.1273658310614114,82.83,2873.77
FTL,OR,2023-10-01,15,58.736,0.09491787171136196,41.15,881.04
FTL,OR,2023-11-01,27,185.75962962962964,0.14055948944720048,55.78,5015.51
FTL,OR,2023-12-01,26,112.4326923076923,0.11155348852328482,56.065,2923.25
FTL,OR,2024-01-01,28,112.58142857142857,0.10366746570085786,71.83,3152.28
FTL,OR,2024-02-01,33,156.59151515151515,0.10440036846647952,81.22,5167.52
FTL,OR,2024-03-01,23,103.05434782608695,0.09267735169363217,83.86,2370.25
FTL,OR,2024-04-01,28,91.41535714285715,0.10095491599482916,51.795,2559.63
FTL,OR,2024-05-01,30,105.10066666666667,0.10522662902259607,69.735,3153.02
FTL,OR,2024-06-01,24,180.75458333333333,0.11847944351732174,115.075,4338.11
FTL,PA,2023-01-01,79,149.2079746835443,0.11472459102639204,79.99,11787.43
FTL,PA,2023-02-01,75,81.63986666666666,0.10194537556223207,45.52,6122.99
FTL,PA,2023-03-01,78,152.27346153846153,0.11472893673647225,69.995,11877.33
FTL,PA,2023-04-01,79,161.84607594936708,0.10163045682339877,67.22,12785.84
FTL,PA,2023-05-01,87,191.11816091954023,0.11418624095826786,59.34,16627.28
FTL,PA,2023-06-01,80,171.34775,0.11681725992839254,79.91999999999999,13707.82
FTL,PA,2023-07-01,83,159.0144578313253,0.11796169571419886,54.94,13198.2
FTL,PA,2023-08-01,82,137.1768292682927,0.10940368520486597,76.045,11248.5
FTL,PA,2023-09-01,73,226.83602739726027,0.12483056250638604,48.61,16559.03
FTL,PA,2023-10-01,76,112.35263157894735,0.10660650514088392,64.06,8538.8
FTL,PA,2023-11-01,79,140.0851898734177,0.1146036822608214,76.64,11066.73
FTL,PA,2023-12-01,78,199.43923076923076,0.11383645160158234,64.99000000000001,15556.26
FTL,PA,2024-01-01,76,148.34105263157895,0.10813902707110182,65.515,11273.92
FTL,PA,2024-02-01,89,170.7714606741573,0.11119227463804991,70.74,15198.66
FTL,PA,2024-03-01,87,276.34241379310345,0.1227855810315996,70.61,24041.79
FTL,PA,2024-04-01,73,186.3358904109589,0.1157324949090044,73.37,13602.52
FTL,PA,2024-05-01,80,213.533875,0.10915060590439093,66.995,17082.71
FTL,PA,2024-06-01,69,150.72565217391303,0.1073443634539951,65.91,10400.07
FTL,TN,2023-01-01,74,156.23513513513512,0.11229476749971722,65.89,11561.4
FTL,TN,2023-02-01,53,108.3843396226415,0.1070496716332394,52.59,5744.37
FTL,TN,2023-03-01,60,101.78583333333333,0.0972641108577121,66.855,6107.15
FTL,TN,2023-04-01,69,189.2672463768116,0.10673630021548376,75.41,13059.44
FTL,TN,2023-05-01,50,174.674,0.12211924447117654,77.08500000000001,8733.7
FTL,TN,2023-06-01,56,108.91,0.10658302861703335,49.155,6098.96
FTL,TN,2023-07-01,52,157.18096153846153,0.09184308307335526,69.355,8173.41
FTL,TN,2023-08-01,59,97.82949152542372,0.10099068409907545,44.72,5771.94
FTL,TN,2023-09-01,56,157.92535714285714,0.10567353914046694,67.905,8843.82
FTL,TN,2023-10-01,52,158.69538461538463,0.10488815103478702,89.13,8252.16
FTL,TN,2023-11-01,58,94.97724137931036,0.11313251626996608,60.06,5508.68
FTL,TN,2023-12-01,58,154.9434482758621,0.10384262457606973,81.33000000000001,8986.720000000001
FTL,TN,2024-01-01,57,153.75701754385963,0.11429650050983463,70.72,8764.15
FTL,TN,2024-02-01,43,166.72488372093022,0.10201562436221577,68.24,7169.17
FTL,TN,2024-03-01,71,196.39028169014085,0.11630801098380245,71.38,13943.710000000001
FTL,TN,2024-04-01,57,145.9522807017544,0.10654028497459359,49.44,8319.28
FTL,TN,2024-05-01,71,164.9930985915493,0.108309456374104,64.9,11714.51
FTL,TN,2024-06-01,65,111.62738461538461,0.09761951680787727,56.65,7255.78
FTL,TX,2023-01-01,101,173.12732673267328,0.12092839844934213,86.85,17485.86
FTL,TX,2023-02-01,80,242.255625,0.12464078632237097,80.62,19380.45
FTL,TX,2023-03-01,98,176.1945918367347,0.12157133186277905,80.345,17267.07
FTL,TX,2023-04-01,93,145.82032258064515,0.11204009674914032,64.34,13561.289999999999
FTL,TX,2023-05-01,108,143.03444444444443,0.10819731017818199,73.33500000000001,15447.72
FTL,TX,2023-06-01,101,120.52475247524752,0.10663887603732186,50.97,12173.0
FTL,TX,2023-07-01,85,134.12929411764705,0.1111349371139595,64.08,11400.99
FTL,TX,2023-08-01,118,177.16627118644067,0.11764355243656792,78.485,20905.62
FTL,TX,2023-09-01,102,162.72803921568627,0.10351751960870921,67.565,16598.26
FTL,TX,2023-10-01,95,113.90515789473685,0.11468468178753677,72.39,10820.99
FTL,TX,2023-11-01,102,146.97245098039215,0.10091427418498784,87.965,14991.19
FTL,TX,2023-12-01,97,204.8138144329897,0.10774157890348778,61.13,19866.94
FTL,TX,2024-01-01,83,119.7675903614458,0.11137073718667966,61.53,9940.710000000001
FTL,TX,2024-02-01,114,133.07763157894738,0.1095449628641248,58.49,15170.85
FTL,TX,2024-03-01,133,156.36466165413535,0.1064525130424753,69.97,20796.5
FTL,TX,2024-04-01,99,122.64747474747475,0.11000454912838178,55.99,12142.1
FTL,TX,2024-05-01,102,167.03607843137254,0.12442678064159925,51.175,17037.68
FTL,TX,2024-06-01,88,139.33352272727274,0.11119831181246674,63.045,12261.35
FTL,UT,2023-01-01,10,170.077,0.12923270667550485,106.36500000000001,1700.77
FTL,UT,2023-02-01,20,120.52000000000001,0.11684511005697788,59.975,2410.4
FTL,UT,2023-03-01,22,167.48727272727274,0.10427897047268711,70.51,3684.7200000000003
FTL,UT,2023-04-01,17,116.50117647058823,0.12627647911002898,66.96,1980.52
FTL,UT,2023-05-01,15,225.288,0.11953157180214927,173.3,3379.32
FTL,UT,2023-06-01,19,112.1021052631579,0.10678014632112813,89.82,2129.94
FTL,UT,2023-07-01,22,156.21227272727273,0.11043331042354589,89.445,3436.67
FTL,UT,2023-08-01,19,91.53315789473685,0.09277222738273141,36.87,1739.13
FTL,UT,2023-09-01,17,89.91705882352942,0.1189945185516201,44.29,1528.5900000000001
FTL,UT,2023-10-01,27,161.94148148148147,0.11801622052414006,114.11,4372.42
FTL,UT,2023-11-01,15,121.61999999999999,0.08844220217845833,85.9,1824.3
FTL,UT,2023-12-01,25,76.3276,0.09230578498315403,57.29,1908.19
FTL,UT,2024-01-01,17,119.82941176470588,0.09426559302119421,85.09,2037.1
FTL,UT,2024-02-01,22,125.59500000000001,0.10020335852375806,75.925,2763.09
FTL,UT,2024-03-01,18,105.44611111111111,0.10241978102079548,49.09,1898.03
FTL,UT,2024-04-01,15,122.89733333333334,0.10344142594532267,130.23,1843.46
FTL,UT,2024-05-01,17,109.73117647058824,0.12901975832250817,85.53,1865.43
FTL,UT,2024-06-01,16,164.10500000000002,0.10857733351052468,94.265,2625.6800000000003
FTL,WA,2023-01-01,39,139.01717948717948,0.11719959387464704,68.38,5421.67
FTL,WA,2023-02-01,38,139.22815789473685,0.10020952287192274,65.50999999999999,5290.67
FTL,WA,2023-03-01,48,142.28208333333333,0.11545546447851301,79.4,6829.54
FTL,WA,2023-04-01,50,193.0688,0.12419251911181536,102.32499999999999,9653.44
FTL,WA,2023-05-01,50,170.0386,0.13064056648414663,66.54499999999999,8501.93
FTL,WA,2023-06-01,49,191.12530612244896,0.13087242817740355,54.8,9365.14
FTL,WA,2023-07-01,53,203.76396226415093,0.1473176568976319,88.16,10799.49
FTL,WA,2023-08-01,69,116.5440579710145,0.10869289434490864,55.96,8041.54
FTL,WA,2023-09-01,51,128.9050980392157,0.11055889322969087,60.56,6574.16
FTL,WA,2023-10-01,55,106.50963636363636,0.11151192958872366,52.87,5858.03
FTL,WA,2023-11-01,42,292.8611904761905,0.12960145316374383,68.84,12300.17
FTL,WA,2023-12-01,50,151.6046,0.09735818301272994,68.525,7580.2300000000005
FTL,WA,2024-01-01,63,164.68349206349205,0.11806088056223264,59.39,10375.06
FTL,WA,2024-02-01,41,149.40243902439025,0.11846986489761231,57.24,6125.5
FTL,WA,2024-03-01,54,225.37203703703705,0.14257301512600587,73.78999999999999,12170.09
FTL,WA,2024-04-01,44,95.60909090909091,0.13654261995584474,47.74,4206.8
FTL,WA,2024-05-01,64,187.023125,0.11087120158888092,74.08,11969.48
FTL,WA,2024-06-01,48,163.52979166666668,0.1298700580033643,65.985,7849.43
LTL,AZ,2023-01-01,39,289.3123076923077,0.2785638763799663,128.45,11283.18
LTL,AZ,2023-02-01,23,244.04304347826087,0.27671748933052526,146.7,5612.99
LTL,AZ,2023-03-01,25,210.2272,0.2472898675581211,147.25,5255.68
LTL,AZ,2023-04-01,30,683.9013333333334,0.30238274627041256,134.14,20517.04
LTL,AZ,2023-05-01,38,328.9584210526316,0.24368825054965912,123.345,12500.42
LTL,AZ,2023-06-01,17,391.16999999999996,0.3167555955819828,157.75,6649.889999999999
LTL,AZ,2023-07-01,22,371.0536363636364,0.24631496513123138,248.35000000000002,8163.18
LTL,AZ,2023-08-01,28,203.76999999999998,0.30325200104570754,129.19,5705.5599999999995
LTL,AZ,2023-09-01,21,562.9347619047619,0.24461746624679148,174.5,11821.630000000001
LTL,AZ,2023-10-01,32,703.968125,0.27433124573479895,133.05,22526.98
LTL,AZ,2023-11-01,28,290.07785714285717,0.29469625821467377,150.62,8122.18
LTL,AZ,2023-12-01,31,371.8190322580645,0.26740191679810005,161.81,11526.39
LTL,AZ,2024-01-01,31,381.3658064516129,0.22688920888594077,191.71,11822.34
LTL,AZ,2024-02-01,19,463.7363157894737,0.26215295096216257,112.42,8810.99
LTL,AZ,2024-03-01,32,249.7,0.32037237890656556,126.46,7990.4
LTL,AZ,2024-04-01,21,353.0228571428571,0.25541071732745496,240.57,7413.48
LTL,AZ,2024-05-01,31,478.04161290322577,0.25286456894802734,262.91,14819.289999999999
LTL,AZ,2024-06-01,28,310.4392857142857,0.23827378643999975,127.85499999999999,8692.3
LTL,CA,2023-01-01,141,505.7658156028368,0.2809826675210242,184.43,71312.98
LTL,CA,2023-02-01,113,498.54991150442476,0.28080880414077647,193.35,56336.14
LTL,CA,2023-03-01,121,302.4723966942149,0.25621894726421546,160.59,36599.16
LTL,CA,2023-04-01,129,349.4817829457364,0.2467265630380977,167.41,45083.15
LTL,CA,2023-05-01,116,320.3333620689655,0.25511684922118716,156.89499999999998,37158.67
LTL,CA,2023-06-01,123,516.0589430894308,0.2575969669304903,119.77,63475.25
LTL,CA,2023-07-01,114,354.33131578947365,0.28623183679062264,192.2,40393.77
LTL,CA,2023-08-01,123,334.0090243902439,0.2589906951666874,150.76,41083.11
LTL,CA,2023-09-01,97,517.6883505154639,0.2511413030198186,185.77,50215.77
LTL,CA,2023-10-01,123,406.12772357723577,0.23991984745482672,179.53,49953.71
LTL,CA,2023-11-01,142,318.031338028169,0.23191677429399007,150.64499999999998,45160.45
LTL,CA,2023-12-01,129,374.2032558139535,0.2560661294561127,133.57,48272.22
LTL,CA,2024-01-01,138,387.9039855072464,0.25146272895753047,126.305,53530.75
LTL,CA,2024-02-01,118,355.5724576271186,0.244069716677349,128.05,41957.549999999996
LTL,CA,2024-03-01,133,503.62481203007525,0.2757670207246548,170.35,66982.1
LTL,CA,2024-04-01,119,386.1841176470588,0.2530644209939075,175.96,45955.91
LTL,CA,2024-05-01,131,423.4306106870229,0.24786628631896587,169.5,55469.41
LTL,CA,2024-06-01,130,265.53576923076923,0.2574582395700349,147.29000000000002,34519.65
LTL,CO,2023-01-01,27,247.13444444444445,0.21328244650944816,131.13,6672.63
LTL,CO,2023-02-01,24,717.6395833333332,0.27306375142161016,227.865,17223.35
LTL,CO,2023-03-01,25,219.8872,0.2443293767358814,197.28,5497.18
LTL,CO,2023-04-01,23,378.46304347826083,0.23234370814362443,120.36,8704.65
LTL,CO,2023-05-01,32,177.1440625,0.21424466220576796,109.94,5668.61
LTL,CO,2023-06-01,17,170.37411764705882,0.21677353564164362,92.39,2896.36
LTL,CO,2023-07-01,26,476.8519230769231,0.23344619409634887,99.405,12398.15
LTL,CO,2023-08-01,17,266.2917647058824,0.20661401650358577,73.26,4526.96
LTL,CO,2023-09-01,14,331.19928571428574,0.277589806049298,192.45,4636.79
LTL,CO,2023-10-01,29,445.93034482758617,0.2487072137760469,311.4,12931.98
LTL,CO,2023-11-01,18,340.24333333333334,0.26388040380919414,272.075,6124.38
LTL,CO,2023-12-01,31,226.95774193548388,0.2132040158719199,151.74,7035.6900000000005
LTL,CO,2024-01-01,18,229.31555555555556,0.2102911474265871,102.38,4127.68
LTL,CO,2024-02-01,28,505.7271428571429,0.3001574041315079,214.73000000000002,14160.36
LTL,CO,2024-03-01,28,432.6464285714286,0.28202657323084285,113.815,12114.1
LTL,CO,2024-04-01,13,543.4684615384615,0.26379860960459195,231.79,7065.09
LTL,CO,2024-05-01,20,215.52399999999997,0.23875403509086737,108.255,4310.48
LTL,CO,2024-06-01,29,234.67206896551724,0.2444220383978663,111.72,6805.49
LTL,FL,2023-01-01,139,383.2107913669065,0.25166969314080695,142.2,53266.3
LTL,FL,2023-02-01,112,475.0476785714286,0.25780373525305333,152.29500000000002,53205.340000000004
LTL,FL,2023-03-01,124,306.1833064516129,0.2795263376674854,157.93,37966.73
LTL,FL,2023-04-01,108,353.51962962962966,0.23493014613310242,157.375,38180.12
LTL,FL,2023-05-01,124,412.80887096774194,0.2766274687777224,136.12,51188.3
LTL,FL,2023-06-01,122,376.53483606557376,0.24864048603061698,141.20499999999998,45937.25
LTL,FL,2023-07-01,126,548.1979365079366,0.26263512114242554,160.765,69072.94
LTL,FL,2023-08-01,129,351.4492248062015,0.25533827662823566,185.47,45336.95
LTL,FL,2023-09-01,115,376.861652173913,0.24074916192906726,155.73,43339.09
LTL,FL,2023-10-01,127,268.5592125984252,0.25447304392434367,167.48,34107.02
LTL,FL,2023-11-01,101,265.32752475247526,0.25936767410400224,150.37,26798.08
LTL,FL,2023-12-01,120,464.42325,0.24138567847305753,195.385,55730.79
LTL,FL,2024-01-01,110,460.04327272727267,0.26942095627584545,156.6,50604.759999999995
LTL,FL,2024-02-01,122,337.5969672131148,0.2618937248860909,159.78,41186.83
LTL,FL,2024-03-01,134,319.04410447761194,0.23582952551766517,181.06,42751.909999999996
LTL,FL,2024-04-01,131,354.5219847328244,0.23114034204826095,168.5,46442.38
LTL,FL,2024-05-01,124,258.06120967741936,0.24708855820525302,121.045,31999.59
LTL,FL,2024-06-01,119,318.32848739495796,0.24774768209995526,150.97,37881.09
LTL,GA,2023-01-01,69,384.49347826086955,0.285760981145544,147.61,26530.05
LTL,GA,2023-02-01,54,458.4381481481482,0.27486717470249,181.715,24755.66
LTL,GA,2023-03-01,69,323.72217391304343,0.24346276942415557,174.04,22336.829999999998
LTL,GA,2023-04-01,70,417.4411428571429,0.24475565046978817,147.45499999999998,29220.88
LTL,GA,2023-05-01,83,379.70578313253014,0.25648988764033426,141.08,31515.58
LTL,GA,2023-06-01,69,353.67739130434785,0.2613611919362119,134.04,24403.74
LTL,GA,2023-07-01,75,503.8428,0.291222232410185,207.78,37788.21
LTL,GA,2023-08-01,78,280.7425641025641,0.27041353333731866,125.3,21897.92
LTL,GA,2023-09-01,70,263.0835714285714,0.23286831016900636,141.82,18415.85
LTL,GA,2023-10-01,83,303.0636144578313,0.22544191366945845,145.65,25154.28
LTL,GA,2023-11-01,79,275.81367088607595,0.23228601606688207,129.44,21789.28
LTL,GA,2023-12-01,79,257.78569620253165,0.2746155919944906,128.59,20365.07
LTL,GA,2024-01-01,75,290.8574666666667,0.22006001204536915,147.86,21814.31
LTL,GA,2024-02-01,67,295.43567164179103,0.23821739216008472,165.0,19794.19
LTL,GA,2024-03-01,76,211.88947368421054,0.25368576421820943,141.45499999999998,16103.6
LTL,GA,2024-04-01,70,252.44285714285715,0.25874615821361724,113.85,17671.0
LTL,GA,2024-05-01,71,305.02774647887327,0.28059481630315375,142.3,21656.97
LTL,GA,2024-06-01,66,283.36378787878783,0.2306689119100796,119.945,18702.01
LTL,IL,2023-01-01,70,262.5482857142857,0.25113380409364416,130.93,18378.38
LTL,IL,2023-02-01,76,262.14223684210526,0.2544790363288034,136.38,19922.81
LTL,IL,2023-03-01,76,245.47894736842107,0.24541516615399592,119.64500000000001,18656.4
LTL,IL,2023-04-01,76,363.1298684210526,0.25155144070121976,160.89499999999998,27597.87
LTL,IL,2023-05-01,72,325.91319444444446,0.25158769622269395,163.89,23465.75
LTL,IL,2023-06-01,68,256.19382352941176,0.245018389211914,127.175,17421.18
LTL,IL,2023-07-01,75,275.47333333333336,0.23732965689389185,126.65,20660.5
LTL,IL,2023-08-01,72,323.30833333333334,0.2802983424056188,172.1,23278.2
LTL,IL,2023-09-01,74,331.3863513513514,0.23638780900343115,145.115,24522.59
LTL,IL,2023-10-01,79,279.87632911392404,0.24520977379209896,148.97,22110.23
LTL,IL,2023-11-01,62,387.94435483870967,0.2688640118290293,164.85,24052.55
LTL,IL,2023-12-01,80,293.881125,0.22119322376563916,159.735,23510.49
LTL,IL,2024-01-01,82,352.1748780487805,0.23685548204341397,139.3,28878.34
LTL,IL,2024-02-01,82,330.9482926829268,0.2432970380954242,172.195,27137.76
LTL,IL,2024-03-01,76,467.1876315789474,0.248758358041198,154.245,35506.26
LTL,IL,2024-04-01,66,341.3787878787879,0.22831332406564955,152.37,22531.0
LTL,IL,2024-05-01,66,329.8439393939394,0.25422692469147695,156.51,21769.7
LTL,IL,2024-06-01,76,383.08736842105264,0.2554075748906664,182.39499999999998,29114.64
LTL,IN,2023-01-01,59,285.93542372881353,0.23056631528283603,174.03,16870.19
LTL,IN,2023-02-01,41,452.29146341463417,0.3098782513451412,189.61,18543.95
LTL,IN,2023-03-01,64,307.89671875,0.23916449905651313,138.685,19705.39
LTL,IN,2023-04-01,65,330.6170769230769,0.2657201059266075,185.62,21490.11
LTL,IN,2023-05-01,67,530.2037313432836,0.2334977814734679,176.9,35523.65
LTL,IN,2023-06-01,56,323.3392857142857,0.26979589417057775,169.89,18107.0
LTL,IN,2023-07-01,42,305.42857142857144,0.25813521867237543,153.415,12828.0
LTL,IN,2023-08-01,53,375.4320754716981,0.2734036133673725,160.6,19897.9
LTL,IN,2023-09-01,57,441.7980701754386,0.2880314096843197,249.37,25182.49
LTL,IN,2023-10-01,66,386.0822727272727,0.28913572089112677,184.82999999999998,25481.43
LTL,IN,2023-11-01,33,337.49545454545455,0.2655196827646351,130.34,11137.35
LTL,IN,2023-12-01,56,319.7683928571428,0.26132209399639333,154.97,17907.03
LTL,IN,2024-01-01,55,434.95854545454546,0.2492920651597614,165.27,23922.72
LTL,IN,2024-02-01,55,571.4261818181818,0.24844075594725817,153.25,31428.44
LTL,IN,2024-03-01,55,471.0112727272727,0.23385267563362924,172.87,25905.62
LTL,IN,2024-04-01,55,228.20654545454542,0.23498090144747905,141.38,12551.359999999999
LTL,IN,2024-05-01,60,378.02616666666665,0.2873101064838956,149.68,22681.57
LTL,IN,2024-06-01,42,375.4771428571429,0.22666521677169374,139.66,15770.04
LTL,KY,2023-01-01,70,330.3,0.23839062741462205,149.635,23121.0
LTL,KY,2023-02-01,48,301.911875,0.2849721228816659,130.235,14491.77
LTL,KY,2023-03-01,58,502.3977586206897,0.2574464091034699,179.735,29139.07
LTL,KY,2023-04-01,52,305.0784615384615,0.24058883063190098,166.07999999999998,15864.08
LTL,KY,2023-05-01,59,363.388813559322,0.25940906672909886,168.73,21439.94
LTL,KY,2023-06-01,43,252.7495348837209,0.302615401363297,131.0,10868.23
LTL,KY,2023-07-01,52,258.3555769230769,0.2120880438359915,128.175,13434.49
LTL,KY,2023-08-01,54,301.56592592592597,0.26373450806018595,162.42000000000002,16284.560000000001
LTL,KY,2023-09-01,54,286.8359259259259,0.2507303329198911,127.73,15489.14
LTL,KY,2023-10-01,59,332.6262711864407,0.22491634370678915,144.02,19624.95
LTL,KY,2023-11-01,52,407.2898076923077,0.26985093095185725,172.445,21179.07
LTL,KY,2023-12-01,69,287.4091304347826,0.25411562571833785,128.4,19831.23
LTL,KY,2024-01-01,45,266.55533333333335,0.21133247498365404,134.52,11994.99
LTL,KY,2024-02-01,39,362.21846153846155,0.2244168484124693,117.08,14126.52
LTL,KY,2024-03-01,58,193.26431034482758,0.2400194937932405,102.955,11209.33
LTL,KY,2024-04-01,53,237.02075471698114,0.21555601735395138,159.73,12562.1
LTL,KY,2024-05-01,63,285.08190476190475,0.2424955302459078,164.67,17960.16
LTL,KY,2024-06-01,64,394.90031250000004,0.2409231857813093,175.0,25273.620000000003
LTL,MA,2023-01-01,33,1018.989393939394,0.2959700206193492,144.31,33626.65
LTL,MA,2023-02-01,22,250.99818181818182,0.28620951673481465,143.845,5521.96
LTL,MA,2023-03-01,25,438.7916,0.297475828677531,154.76,10969.79
LTL,MA,2023-04-01,25,353.208,0.2356522103751717,289.79,8830.2
LTL,MA,2023-05-01,49,281.2704081632653,0.24203832814702436,146.51,13782.25
LTL,MA,2023-06-01,31,317.0722580645161,0.31293144594926753,173.1,9829.24
LTL,MA,2023-07-01,34,503.49558823529406,0.29481956617440863,159.51999999999998,17118.85
LTL,MA,2023-08-01,30,254.64066666666668,0.20540036310142468,108.01,7639.22
LTL,MA,2023-09-01,36,452.53222222222223,0.24263498328998778,176.37,16291.16
LTL,MA,2023-10-01,31,252.99774193548384,0.23369268915765332,152.09,7842.929999999999
LTL,MA,2023-11-01,24,303.33458333333334,0.2633736383896052,171.17000000000002,7280.03
LTL,MA,2023-12-01,30,163.74433333333334,0.291971113403803,159.135,4912.33
LTL,MA,2024-01-01,38,281.6197368421052,0.2676166108170732,173.075,10701.55
LTL,MA,2024-02-01,31,424.91387096774196,0.23198565761312773,171.09,13172.33
LTL,MA,2024-03-01,40,217.97025,0.22221994927807173,138.98000000000002,8718.81
LTL,MA,2024-04-01,25,525.2188,0.2659326805867751,176.07,13130.47
LTL,MA,2024-05-01,39,536.6717948717949,0.2870612803017636,213.56,20930.2
LTL,MA,2024-06-01,27,218.17296296296297,0.25101905116909984,146.25,5890.67
LTL,MD,2023-01-01,61,429.1145901639344,0.2729005988523069,171.02,26175.989999999998
LTL,MD,2023-02-01,40,319.9375,0.24032965086790056,171.49,12797.5
LTL,MD,2023-03-01,73,298.9576712328767,0.22646149520403405,129.29,21823.91
LTL,MD,2023-04-01,65,340.66815384615387,0.2630851469735485,192.3,22143.43
LTL,MD,2023-05-01,74,440.32243243243244,0.2673402510997297,163.385,32583.86
LTL,MD,2023-06-01,53,295.9549056603774,0.23506923334298313,121.93,15685.61
LTL,MD,2023-07-01,76,634.7151315789473,0.28208271842556326,149.015,48238.35
LTL,MD,2023-08-01,78,285.7619230769231,0.2682254464597872,146.07999999999998,22289.43
LTL,MD,2023-09-01,54,342.6738888888889,0.23796133261875066,126.43,18504.39
LTL,MD,2023-10-01,57,242.0717543859649,0.2782499269514103,150.17,13798.09
LTL,MD,2023-11-01,72,321.39680555555555,0.24469521485975937,187.125,23140.57
LTL,MD,2023-12-01,63,381.7911111111111,0.24062703196676488,148.23,24052.84
LTL,MD,2024-01-01,67,361.1059701492537,0.24784043490926289,166.63,24194.1
LTL,MD,2024-02-01,63,231.64222222222224,0.2964818899560531,99.3,14593.460000000001
LTL,MD,2024-03-01,73,413.71698630136984,0.2699594024220683,139.72,30201.34
LTL,MD,2024-04-01,62,413.98645161290324,0.23818966128012492,164.075,25667.16
LTL,MD,2024-05-01,66,313.74454545454546,0.2344211255701247,139.385,20707.14
LTL,MD,2024-06-01,62,346.2558064516129,0.24566688855507732,186.825,21467.86
LTL,MI,2023-01-01,51,284.3574509803922,0.259407703877773,170.46,14502.23
LTL,MI,2023-02-01,63,495.5346031746032,0.27768874155171136,173.56,31218.68
LTL,MI,2023-03-01,56,282.39982142857144,0.23070146980160916,185.8,15814.39
LTL,MI,2023-04-01,38,341.445,0.30213036051144615,131.25,12974.91
LTL,MI,2023-05-01,56,259.6948214285714,0.2704951291673566,119.905,14542.91
LTL,MI,2023-06-01,53,487.4628301886792,0.24875659702641248,115.12,25835.53
LTL,MI,2023-07-01,56,205.58053571428573,0.2560897203926766,108.43,11512.51
LTL,MI,2023-08-01,61,267.6188524590164,0.24007475646311835,95.46,16324.75
LTL,MI,2023-09-01,57,341.14947368421053,0.24518457805824623,164.61,19445.52
LTL,MI,2023-10-01,62,396.35709677419356,0.2922586343906297,226.015,24574.14
LTL,MI,2023-11-01,58,899.6610344827585,0.25677514813780455,152.795,52180.34
LTL,MI,2023-12-01,58,495.35396551724136,0.26103379333019555,175.855,28730.53
LTL,MI,2024-01-01,48,263.80604166666666,0.2729871893161945,119.855,12662.689999999999
LTL,MI,2024-02-01,44,406.3890909090909,0.2749384811011359,245.92000000000002,17881.12
LTL,MI,2024-03-01,51,429.2019607843137,0.26886264230485096,153.1,21889.3
LTL,MI,2024-04-01,68,339.78705882352943,0.2621706771778354,163.01,23105.52
LTL,MI,2024-05-01,56,254.7369642857143,0.3081826512587014,116.475,14265.27
LTL,MI,2024-06-01,66,484.0668181818182,0.3130578512644218,214.075,31948.41
LTL,MN,2023-01-01,37,262.04972972972973,0.24043471708042707,166.54,9695.84
LTL,MN,2023-02-01,29,803.9782758620689,0.28628642143685934,198.88,23315.37
LTL,MN,2023-03-01,34,270.9285294117647,0.2662697567646458,140.1,9211.57
LTL,MN,2023-04-01,26,196.2523076923077,0.21062662494059348,119.705,5102.56
LTL,MN,2023-05-01,29,266.02344827586205,0.24917930182867704,125.74,7714.68
LTL,MN,2023-06-01,31,169.6958064516129,0.24334361236579405,100.75,5260.57
LTL,MN,2023-07-01,29,465.92275862068965,0.3343489261610962,177.17,13511.76
LTL,MN,2023-08-01,18,259.92333333333335,0.2670020236752791,128.60999999999999,4678.62
LTL,MN,2023-09-01,26,395.41076923076923,0.2680491562735296,180.91,10280.68
LTL,MN,2023-10-01,25,201.1384,0.3100588196425673,81.92,5028.46
LTL,MN,2023-11-01,25,394.65,0.31980706841105916,208.74,9866.25
LTL,MN,2023-12-01,28,381.32,0.2592084183586584,181.905,10676.96
LTL,MN,2024-01-01,36,295.75916666666666,0.2352238006506434,170.365,10647.33
LTL,MN,2024-02-01,33,213.04333333333332,0.2028319071996959,100.02,7030.429999999999
LTL,MN,2024-03-01,31,445.6735483870968,0.2543602251704367,169.73,13815.880000000001
LTL,MN,2024-04-01,27,254.84185185185186,0.29060887624835235,94.85,6880.7300000000005
LTL,MN,2024-05-01,28,367.18607142857144,0.22258802549235382,265.355,10281.210000000001
LTL,MN,2024-06-01,28,303.09357142857147,0.25394309953982336,190.575,8486.62
LTL,MO,2023-01-01,43,398.04232558139535,0.23057468828396446,135.29,17115.82
LTL,MO,2023-02-01,31,241.14096774193547,0.25651006329339415,145.57,7475.37
LTL,MO,2023-03-01,31,539.7564516129032,0.24046315396736628,89.88,16732.45
LTL,MO,2023-04-01,25,346.0668,0.2792315479663149,156.5,8651.67
LTL,MO,2023-05-01,32,388.48343750000004,0.22551839599112536,119.0,12431.470000000001
LTL,MO,2023-06-01,27,238.3433333333333,0.2340044090160592,209.38,6435.2699999999995
LTL,MO,2023-07-01,24,234.1025,0.20719360485691543,107.395,5618.46
LTL,MO,2023-08-01,35,218.28542857142855,0.21308365674183177,134.6,7639.99
LTL,MO,2023-09-01,29,976.2758620689655,0.31748643905860574,238.45,28312.0
LTL,MO,2023-10-01,46,202.2508695652174,0.24821641987108153,110.45,9303.54
LTL,MO,2023-11-01,27,290.58296296296294,0.24760089842426947,145.67,7845.74
LTL,MO,2023-12-01,31,312.2274193548387,0.24718981424581477,202.04,9679.05
LTL,MO,2024-01-01,23,443.48521739130433,0.2820982716676841,238.94,10200.16
LTL,MO,2024-02-01,27,268.92555555555555,0.29096432207281275,125.13,7260.99
LTL,MO,2024-03-01,39,262.7210256410257,0.2110067623374041,124.57,10246.12
LTL,MO,2024-04-01,25,543.8068,0.2756223929269542,176.18,13595.17
LTL,MO,2024-05-01,36,443.37888888888887,0.21237084659943958,142.44,15961.64
LTL,MO,2024-06-01,27,227.69074074074072,0.2333057380507229,105.47,6147.65
LTL,NC,2023-01-01,73,244.4872602739726,0.2518629365804642,145.75,17847.57
LTL,NC,2023-02-01,78,272.68102564102566,0.26949092081946024,139.99,21269.12
LTL,NC,2023-03-01,49,337.6369387755102,0.3090009207784585,130.2,16544.21
LTL,NC,2023-04-01,59,339.0874576271186,0.2836481531377037,161.09,20006.16
LTL,NC,2023-05-01,67,357.7880597014925,0.28353300905611123,168.45,23971.8
LTL,NC,2023-06-01,72,353.0226388888889,0.264096393292881,193.35000000000002,25417.63
LTL,NC,2023-07-01,58,426.72620689655173,0.26217651024905847,122.83,24750.12
LTL,NC,2023-08-01,63,636.8525396825397,0.2876093857449005,219.18,40121.71
LTL,NC,2023-09-01,53,239.50283018867924,0.27599038454991703,139.67,12693.65
LTL,NC,2023-10-01,66,366.26378787878787,0.2638621371415159,165.975,24173.41
LTL,NC,2023-11-01,65,470.9876923076923,0.29261034067151903,190.4,30614.2
LTL,NC,2023-12-01,73,346.21232876712327,0.2496616067040623,139.07,25273.5
LTL,NC,2024-01-01,70,495.92442857142856,0.25773103546579357,259.85,34714.71
LTL,NC,2024-02-01,61,271.46311475409834,0.25800817399164966,138.54,16559.25
LTL,NC,2024-03-01,78,384.3135897435897,0.2598043418498821,185.125,29976.46
LTL,NC,2024-04-01,60,363.6066666666667,0.2692517156322306,168.775,21816.4
LTL,NC,2024-05-01,78,369.6135897435897,0.2636661629984187,156.53,28829.86
LTL,NC,2024-06-01,63,242.9177777777778,0.25699292485654335,149.18,15303.82
LTL,NY,2023-01-01,95,406.7013684210526,0.23835009719428019,119.61,38636.63
LTL,NY,2023-02-01,81,422.44592592592596,0.2802692591229521,197.41,34218.12
LTL,NY,2023-03-01,91,260.9578021978022,0.2611732255967356,142.53,23747.16
LTL,NY,2023-04-01,100,385.389,0.2609645530872329,170.53,38538.9
LTL,NY,2023-05-01,116,407.9676724137931,0.26099981061330246,169.81,47324.25
LTL,NY,2023-06-01,82,273.8939024390244,0.2776253301651797,152.20499999999998,22459.3
LTL,NY,2023-07-01,108,336.04157407407405,0.2620580583790892,148.575,36292.49
LTL,NY,2023-08-01,111,369.23243243243246,0.25324777203377163,184.84,40984.8
LTL,NY,2023-09-01,93,301.004623655914,0.2771354523285613,150.96,27993.43
LTL,NY,2023-10-01,118,295.2701694915254,0.24377424445740262,150.01,34841.88
LTL,NY,2023-11-01,100,299.2937,0.24754029672374436,157.785,29929.37
LTL,NY,2023-12-01,121,232.8790909090909,0.2521554235590774,151.25,28178.37
LTL,NY,2024-01-01,112,260.0342857142857,0.25539127205932644,122.12,29123.84
LTL,NY,2024-02-01,99,330.07525252525255,0.22033947911630333,100.11,32677.45
LTL,NY,2024-03-01,111,358.4851351351351,0.24885376508653784,188.6,39791.85
LTL,NY,2024-04-01,101,331.8637623762376,0.24462343618424673,156.74,33518.24
LTL,NY,2024-05-01,99,303.11979797979797,0.2470157956658002,150.83,30008.86
LTL,NY,2024-06-01,87,336.3174712643678,0.24763492259704237,160.06,29259.62
LTL,OH,2023-01-01,97,499.93051546391746,0.27576563918473507,178.2,48493.259999999995
LTL,OH,2023-02-01,74,430.0987837837838,0.28319105482151696,130.37,31827.31
LTL,OH,2023-03-01,100,292.1494,0.27903761981795594,162.25,29214.94
LTL,OH,2023-04-01,91,294.179010989011,0.24293636344298963,189.69,26770.29
LTL,OH,2023-05-01,99,358.6349494949495,0.2695743822854735,196.05,35504.86
LTL,OH,2023-06-01,83,322.16204819277107,0.2445142234013737,196.83,26739.45
LTL,OH,2023-07-01,114,332.38087719298244,0.2795131790969785,173.29500000000002,37891.42
LTL,OH,2023-08-01,108,391.2484259259259,0.24529681974385534,147.03,42254.83
LTL,OH,2023-09-01,85,331.26364705882355,0.23061265909818746,136.0,28157.41
LTL,OH,2023-10-01,97,324.379587628866,0.2516717452849748,174.47,31464.82
LTL,OH,2023-11-01,100,457.48040000000003,0.2602519421767035,152.95,45748.04
LTL,OH,2023-12-01,105,431.6381904761905,0.2876696051598927,139.98,45322.01
LTL,OH,2024-01-01,110,382.2481818181818,0.28992471431066513,176.675,42047.3
LTL,OH,2024-02-01,87,372.43551724137933,0.2835695157435786,179.38,32401.89
LTL,OH,2024-03-01,95,265.0234736842105,0.257118988076558,142.19,25177.23
LTL,OH,2024-04-01,89,248.3667415730337,0.24709744426575378,168.95,22104.64
LTL,OH,2024-05-01,99,260.72636363636366,0.23964172216025573,157.15,25811.91
LTL,OH,2024-06-01,90,332.5183333333334,0.24825491910099662,166.46,29926.65
LTL,OR,2023-01-01,40,337.66975,0.2651203672620042,169.255,13506.79
LTL,OR,2023-02-01,28,338.44357142857143,0.2882889464323642,130.275,9476.42
LTL,OR,2023-03-01,21,431.6757142857143,0.24773882028655597,176.9,9065.19
LTL,OR,2023-04-01,22,262.61045454545456,0.27134994169273285,143.64999999999998,5777.43
LTL,OR,2023-05-01,28,240.86857142857144,0.23822570263333592,124.665,6744.320000000001
LTL,OR,2023-06-01,38,250.44684210526316,0.24980566073970187,113.795,9516.98
LTL,OR,2023-07-01,27,202.4337037037037,0.24154744718690505,125.82,5465.71
LTL,OR,2023-08-01,25,526.5204,0.22485198931823724,224.19,13163.01
LTL,OR,2023-09-01,30,340.2033333333333,0.24017632293011365,150.87,10206.1
LTL,OR,2023-10-01,24,230.25625,0.27554002536331296,204.94,5526.15
LTL,OR,2023-11-01,28,669.9,0.24268862455384718,157.22500000000002,18757.2
LTL,OR,2023-12-01,48,265.15749999999997,0.2335870913458192,158.015,12727.56
LTL,OR,2024-01-01,32,259.8928125,0.24562670323993122,149.81,8316.57
LTL,OR,2024-02-01,30,254.50366666666665,0.21356837780219465,110.775,7635.11
LTL,OR,2024-03-01,28,302.4985714285714,0.3662440017393576,181.29,8469.96
LTL,OR,2024-04-01,41,279.8473170731707,0.2756061121821841,176.32,11473.74
LTL,OR,2024-05-01,27,342.8044444444444,0.2537861640840879,147.52,9255.72
LTL,OR,2024-06-01,31,467.57935483870966,0.33707140134709895,283.67,14494.96
LTL,PA,2023-01-01,65,200.14646153846155,0.23331384226939844,100.57,13009.52
LTL,PA,2023-02-01,66,216.91454545454548,0.2735048606579146,108.78999999999999,14316.36
LTL,PA,2023-03-01,58,233.42362068965517,0.2349469899007308,154.4,13538.57
LTL,PA,2023-04-01,58,306.7334482758621,0.26694094004915186,158.925,17790.54
LTL,PA,2023-05-01,65,362.17630769230766,0.24949675616123568,172.53,23541.46
LTL,PA,2023-06-01,59,307.0042372881356,0.270690614820928,141.21,18113.25
LTL,PA,2023-07-01,61,272.2785245901639,0.23193836153747077,134.42,16608.989999999998
LTL,PA,2023-08-01,59,306.3537288135593,0.25228432771086406,147.77,18074.87
LTL,PA,2023-09-01,56,337.1505357142857,0.25627890534935377,136.60500000000002,18880.43
LTL,PA,2023-10-01,60,275.47,0.2831424665294977,164.47000000000003,16528.2
LTL,PA,2023-11-01,63,380.31349206349205,0.25310353868585556,164.02,23959.75
LTL,PA,2023-12-01,75,220.71439999999998,0.22648840649572213,117.99,16553.579999999998
LTL,PA,2024-01-01,62,284.02935483870965,0.24216224787328364,144.525,17609.82
LTL,PA,2024-02-01,72,358.59805555555556,0.270113097612173,155.45499999999998,25819.06
LTL,PA,2024-03-01,56,403.4744642857143,0.27847443677974776,163.1,22594.57
LTL,PA,2024-04-01,52,255.8728846153846,0.22698408213687846,144.475,13305.39
LTL,PA,2024-05-01,51,402.60627450980394,0.2959229459046379,123.71,20532.920000000002
LTL,PA,2024-06-01,57,304.2526315789474,0.2386559275759569,171.73,17342.4
LTL,TN,2023-01-01,47,479.74361702127663,0.28278066890514747,208.25,22547.95
LTL,TN,2023-02-01,46,389.66021739130434,0.27805002994248185,165.935,17924.37
LTL,TN,2023-03-01,45,260.4753333333333,0.2506876205329638,135.26,11721.39
LTL,TN,2023-04-01,52,338.27923076923076,0.3000779630208007,194.285,17590.52
LTL,TN,2023-05-01,42,258.63666666666666,0.26618415046284755,142.435,10862.74
LTL,TN,2023-06-01,37,331.4635135135135,0.30285578453760925,153.23,12264.15
LTL,TN,2023-07-01,43,505.29279069767443,0.3057919836112983,188.52,21727.59
LTL,TN,2023-08-01,62,434.0132258064516,0.2617158356156985,155.26,26908.82
LTL,TN,2023-09-01,61,304.7544262295082,0.2703866588168588,125.03,18590.02
LTL,TN,2023-10-01,49,395.56836734693877,0.26922472323354174,154.5,19382.85
LTL,TN,2023-11-01,50,314.1982,0.2267610884146448,200.22000000000003,15709.91
LTL,TN,2023-12-01,47,183.80446808510638,0.25310056031173683,89.84,8638.81
LTL,TN,2024-01-01,50,339.5514,0.25464470808918227,153.8,16977.57
LTL,TN,2024-02-01,48,641.8927083333334,0.2537898296614452,218.8,30810.850000000002
LTL,TN,2024-03-01,45,465.44533333333334,0.2514725011095622,216.6,20945.04
LTL,TN,2024-04-01,53,310.4843396226415,0.27076593313113834,140.98,16455.670000000002
LTL,TN,2024-05-01,65,448.6946153846154,0.29026243968182314,174.45,29165.15
LTL,TN,2024-06-01,43,457.2118604651163,0.29928396336423363,202.67,19660.11
LTL,TX,2023-01-01,143,234.4841258741259,0.24377464578541722,145.9,33531.23
LTL,TX,2023-02-01,135,298.09118518518517,0.2534296060390891,167.51,40242.31
LTL,TX,2023-03-01,150,374.01086666666663,0.2641192745815483,208.505,56101.63
LTL,TX,2023-04-01,137,232.81051094890512,0.25125840892009177,136.85,31895.04
LTL,TX,2023-05-01,172,308.6982558139535,0.24481453694930883,146.60500000000002,53096.1
LTL,TX,2023-06-01,147,341.3199319727891,0.2531045456012465,149.21,50174.03
LTL,TX,2023-07-01,185,364.91027027027025,0.25613262246538215,136.06,67508.4
LTL,TX,2023-08-01,149,321.9502013422819,0.23506159062481377,147.8,47970.58
LTL,TX,2023-09-01,160,354.3728125,0.2535994918950194,160.14499999999998,56699.65
LTL,TX,2023-10-01,146,328.4358904109589,0.24989832924709227,173.20499999999998,47951.64
LTL,TX,2023-11-01,152,353.4891447368421,0.23301789001355563,135.87,53730.35
LTL,TX,2023-12-01,164,319.4885975609756,0.2575169809198984,166.345,52396.13
LTL,TX,2024-01-01,163,361.90987730061346,0.2537477695345335,172.73,58991.31
LTL,TX,2024-02-01,137,294.48759124087593,0.241617127442555,159.87,40344.8
LTL,TX,2024-03-01,138,399.7079710144927,0.2645682368086211,154.445,55159.7
LTL,TX,2024-04-01,146,391.3269178082192,0.2788531770911819,159.95499999999998,57133.73
LTL,TX,2024-05-01,140,315.4885,0.2573755095364151,158.9,44168.39
LTL,TX,2024-06-01,160,325.5900625,0.2524578470657683,130.49,52094.409999999996
LTL,UT,2023-01-01,26,167.12153846153845,0.2374828774150055,127.72,4345.16
LTL,UT,2023-02-01,18,196.20944444444444,0.19859951252459918,74.55,3531.77
LTL,UT,2023-03-01,20,497.95799999999997,0.21821444333549134,154.14999999999998,9959.16
LTL,UT,2023-04-01,33,494.02818181818185,0.23872480885063044,225.65,16302.93
LTL,UT,2023-05-01,21,234.72857142857143,0.22025794645516633,107.61,4929.3
LTL,UT,2023-06-01,30,522.5793333333334,0.27324563921022327,116.19,15677.38
LTL,UT,2023-07-01,21,301.2804761904762,0.23831424947205723,190.31,6326.89
LTL,UT,2023-08-01,27,317.57444444444445,0.24241970516287104,122.15,8574.51
LTL,UT,2023-09-01,22,209.0868181818182,0.23456879056028299,56.695,4599.91
LTL,UT,2023-10-01,24,357.9058333333333,0.23595345930357814,146.04,8589.74
LTL,UT,2023-11-01,30,242.16333333333333,0.2137841197040778,164.325,7264.9
LTL,UT,2023-12-01,24,264.63416666666666,0.24973025953908343,145.985,6351.22
LTL,UT,2024-01-01,26,265.2223076923077,0.22871242162365463,78.99000000000001,6895.78
LTL,UT,2024-02-01,16,193.95,0.18895622396200812,132.065,3103.2
LTL,UT,2024-03-01,24,247.46208333333334,0.19922111900015937,111.11,5939.09
LTL,UT,2024-04-01,23,184.3095652173913,0.19432969688991855,95.67,4239.12
LTL,UT,2024-05-01,24,216.62291666666667,0.21390712289173638,131.845,5198.95
LTL,UT,2024-06-01,9,481.43,0.24031681363710508,278.67,4332.87
LTL,WA,2023-01-01,74,508.8743243243243,0.29877576619108387,135.625,37656.7
LTL,WA,2023-02-01,70,486.74071428571426,0.25029818592773584,117.53,34071.85
LTL,WA,2023-03-01,67,511.9738805970149,0.260735474909551,192.99,34302.25
LTL,WA,2023-04-01,59,491.71033898305086,0.24564998971509241,153.53,29010.91
LTL,WA,2023-05-01,74,402.62594594594594,0.2690852793297269,207.625,29794.32
LTL,WA,2023-06-01,70,471.7122857142857,0.3091033387032477,205.93,33019.86
LTL,WA,2023-07-01,67,342.0635820895522,0.2524997215721911,140.27,22918.26
LTL,WA,2023-08-01,68,447.5772058823529,0.2661239254538584,187.18,30435.25
LTL,WA,2023-09-01,72,351.3615277777778,0.2752563266816127,132.505,25298.03
LTL,WA,2023-10-01,75,283.094,0.24303865383133474,157.21,21232.05
LTL,WA,2023-11-01,72,450.0647222222222,0.2765447850038485,182.255,32404.66
LTL,WA,2023-12-01,76,237.1523684210526,0.24210583669278327,108.655,18023.579999999998
LTL,WA,2024-01-01,81,337.27555555555557,0.2933229916070215,220.34,27319.32
LTL,WA,2024-02-01,54,364.10814814814813,0.2514767916856946,169.705,19661.84
LTL,WA,2024-03-01,75,306.88373333333334,0.25694047709304435,130.34,23016.28
LTL,WA,2024-04-01,78,445.16512820512816,0.248963859901635,180.42000000000002,34722.88
LTL,WA,2024-05-01,68,318.0822058823529,0.26626162135079,211.33499999999998,21629.59
LTL,WA,2024-06-01,70,394.7991428571429,0.2947346758261144,201.57999999999998,27635.940000000002
PARCEL,AZ,2023-01-01,27,233.39481481481482,0.1452825082000611,95.46,6301.66
PARCEL,AZ,2023-02-01,17,83.14411764705882,0.14402182151205908,58.31,1413.45
PARCEL,AZ,2023-03-01,26,286.4892307692308,0.20895305952344218,129.62,7448.72
PARCEL,AZ,2023-04-01,32,196.4340625,0.17140299937321318,171.20499999999998,6285.89
PARCEL,AZ,2023-05-01,36,208.13138888888886,0.16730581833302657,84.14500000000001,7492.73
PARCEL,AZ,2023-06-01,33,229.4436363636364,0.2067426908910036,140.86,7571.64
PARCEL,AZ,2023-07-01,29,643.5893103448276,0.1862803557635095,151.36,18664.09
PARCEL,AZ,2023-08-01,24,207.48041666666666,0.20724977340137285,88.0,4979.53
PARCEL,AZ,2023-09-01,31,289.48967741935485,0.17632768860873968,94.53,8974.18
PARCEL,AZ,2023-10-01,24,239.65750000000003,0.15979249041034685,68.94999999999999,5751.780000000001
PARCEL,AZ,2023-11-01,29,239.1751724137931,0.16842297029025935,140.71,6936.08
PARCEL,AZ,2023-12-01,21,259.96809523809526,0.1331129301538675,119.27,5459.33
PARCEL,AZ,2024-01-01,32,177.69375,0.18105869558038062,109.745,5686.2
PARCEL,AZ,2024-02-01,27,284.7174074074074,0.15502446400615094,101.06,7687.37
PARCEL,AZ,2024-03-01,17,107.49176470588236,0.18796724140167675,89.06,1827.3600000000001
PARCEL,AZ,2024-04-01,28,245.01500000000001,0.17050696807288648,105.63499999999999,6860.42
PARCEL,AZ,2024-05-01,25,256.064,0.17225170930925052,123.37,6401.6
PARCEL,AZ,2024-06-01,37,157.95837837837837,0.18249733740636956,105.18,5844.46
PARCEL,CA,2023-01-01,155,271.67780645161287,0.1702073303187153,100.76,42110.06
PARCEL,CA,2023-02-01,146,260.68609589041097,0.17933035993018165,110.275,38060.17
PARCEL,CA,2023-03-01,152,303.8457236842105,0.1883273633840361,106.845,46184.549999999996
PARCEL,CA,2023-04-01,148,231.80891891891892,0.1783250895770324,98.15,34307.72
PARCEL,CA,2023-05-01,148,179.26986486486484,0.1756312361655835,99.33500000000001,26531.94
PARCEL,CA,2023-06-01,147,251.4923129251701,0.1763801396092783,103.34,36969.37
PARCEL,CA,2023-07-01,148,279.71837837837836,0.18720247357212125,105.95,41398.32
PARCEL,CA,2023-08-01,158,163.02848101265823,0.16493085512274683,98.24000000000001,25758.5
PARCEL,CA,2023-09-01,151,205.56145695364236,0.16838939616668286,101.25,31039.78
PARCEL,CA,2023-10-01,157,196.07101910828024,0.1618211988725917,84.09,30783.149999999998
PARCEL,CA,2023-11-01,144,284.8752777777778,0.17595289737903114,102.655,41022.04
PARCEL,CA,2023-12-01,145,203.40075862068966,0.17115117217501213,94.93,29493.11
PARCEL,CA,2024-01-01,152,235.55947368421053,0.17893789502252766,108.52000000000001,35805.04
PARCEL,CA,2024-02-01,136,200.7691176470588,0.16817192314265902,100.015,27304.6
PARCEL,CA,2024-03-01,185,287.19205405405404,0.1769936634146248,101.03,53130.53
PARCEL,CA,2024-04-01,120,179.36325,0.17059151742130058,81.38499999999999,21523.59
PARCEL,CA,2024-05-01,159,237.28622641509435,0.1748600352361377,118.93,37728.51
PARCEL,CA,2024-06-01,120,217.77391666666665,0.17274297920959966,83.94,26132.87
PARCEL,CO,2023-01-01,24,217.9025,0.1709898403528091,67.455,5229.66
PARCEL,CO,2023-02-01,21,113.67190476190477,0.16996047399225805,67.15,2387.11
PARCEL,CO,2023-03-01,20,182.805,0.17265360358756415,104.675,3656.1
PARCEL,CO,2023-04-01,19,218.81947368421052,0.15309067207731678,171.09,4157.57
PARCEL,CO,2023-05-01,30,270.02466666666663,0.20407864495309055,109.28,8100.74
PARCEL,CO,2023-06-01,20,207.95,0.1717902759912248,78.845,4159.0
PARCEL,CO,2023-07-01,25,180.0968,0.13949032654300045,154.89,4502.42
PARCEL,CO,2023-08-01,11,106.73818181818183,0.1356428040777544,49.02,1174.1200000000001
PARCEL,CO,2023-09-01,22,151.0609090909091,0.15675911700020365,74.53,3323.34
PARCEL,CO,2023-10-01,29,161.60379310344828,0.14039141940096503,105.38,4686.51
PARCEL,CO,2023-11-01,15,269.856,0.15949756145327124,138.81,4047.8399999999997
PARCEL,CO,2023-12-01,23,180.27652173913043,0.1433972548306518,91.51,4146.36
PARCEL,CO,2024-01-01,30,118.99333333333334,0.135996809278725,84.595,3569.8
PARCEL,CO,2024-02-01,19,698.8842105263158,0.19631851159255345,90.69,13278.8
PARCEL,CO,2024-03-01,20,413.017,0.19840962254910469,134.51,8260.34
PARCEL,CO,2024-04-01,23,122.8295652173913,0.13634773132876943,56.48,2825.08
PARCEL,CO,2024-05-01,22,347.26272727272726,0.18712695203821933,140.225,7639.78
PARCEL,CO,2024-06-01,25,169.24400000000003,0.21195880628863634,72.48,4231.1
PARCEL,FL,2023-01-01,109,211.2691743119266,0.16575380537506207,98.93,23028.34
PARCEL,FL,2023-02-01,103,228.68155339805827,0.18166533164808046,140.67,23554.2
PARCEL,FL,2023-03-01,112,264.32973214285715,0.17292554626241505,122.66,29604.93
PARCEL,FL,2023-04-01,99,197.84424242424245,0.17067336226076413,112.52,19586.58
PARCEL,FL,2023-05-01,104,244.6504807692308,0.16994017700951072,90.44,25443.65
PARCEL,FL,2023-06-01,100,214.40279999999998,0.17224684342018504,77.27,21440.28
PARCEL,FL,2023-07-01,127,291.7247244094488,0.182056702640105,114.17,37049.04
PARCEL,FL,2023-08-01,133,176.94864661654137,0.1682459317060894,87.12,23534.170000000002
PARCEL,FL,2023-09-01,126,222.0781746031746,0.16729035100068973,109.62,27981.85
PARCEL,FL,2023-10-01,124,394.87661290322586,0.18368315689536105,102.435,48964.700000000004
PARCEL,FL,2023-11-01,91,196.51098901098902,0.18379783499988497,112.15,17882.5
PARCEL,FL,2023-12-01,124,206.64024193548386,0.17713383688126466,97.32499999999999,25623.39
PARCEL,FL,2024-01-01,129,264.0573643410853,0.17326407648977607,106.42,34063.4
PARCEL,FL,2024-02-01,120,218.94324999999998,0.15121873210074285,93.61,26273.19
PARCEL,FL,2024-03-01,93,254.9143010752688,0.16964926510115005,94.33,23707.03
PARCEL,FL,2024-04-01,112,227.02964285714285,0.1642213137695907,100.96,25427.32
PARCEL,FL,2024-05-01,106,219.3451886792453,0.18358021267453126,116.485,23250.59
PARCEL,FL,2024-06-01,101,240.82049504950493,0.1692798285797351,110.12,24322.87
PARCEL,GA,2023-01-01,54,445.70203703703703,0.23752635657936183,89.735,24067.91
PARCEL,GA,2023-02-01,48,273.84020833333335,0.17070711073548195,137.975,13144.33
PARCEL,GA,2023-03-01,55,266.27945454545454,0.19199781522058093,141.07,14645.369999999999
PARCEL,GA,2023-04-01,66,226.15257575757576,0.15890656969813366,80.57,14926.07
PARCEL,GA,2023-05-01,57,248.50701754385963,0.1717528422779637,133.08,14164.9
PARCEL,GA,2023-06-01,65,371.0749230769231,0.186738901493213,81.65,24119.87
PARCEL,GA,2023-07-01,51,216.80313725490197,0.1926315269934016,92.42,11056.960000000001
PARCEL,GA,2023-08-01,71,269.2545070422535,0.15767648378321766,115.73,19117.07
PARCEL,GA,2023-09-01,61,243.5688524590164,0.15211977272771424,121.09,14857.7
PARCEL,GA,2023-10-01,70,183.55942857142858,0.18048224927158293,101.97999999999999,12849.16
PARCEL,GA,2023-11-01,63,317.62111111111113,0.18585673890595972,111.37,20010.13
PARCEL,GA,2023-12-01,58,198.68775862068964,0.1733075515567986,96.63499999999999,11523.89
PARCEL,GA,2024-01-01,62,219.86048387096776,0.16407209110115667,108.88,13631.35
PARCEL,GA,2024-02-01,58,193.37655172413793,0.17641562546255168,103.565,11215.84
PARCEL,GA,2024-03-01,61,206.34967213114754,0.16085919044932104,120.42,12587.33
PARCEL,GA,2024-04-01,57,178.36368421052632,0.1401184625890913,100.82,10166.73
PARCEL,GA,2024-05-01,67,234.2570149253731,0.15050985886098625,112.12,15695.22
PARCEL,GA,2024-06-01,74,234.88162162162163,0.15532570732855763,79.305,17381.24
PARCEL,IL,2023-01-01,77,342.4783116883117,0.18460772747566473,108.38,26370.83
PARCEL,IL,2023-02-01,73,263.3576712328767,0.1677400043391191,118.61,19225.11
PARCEL,IL,2023-03-01,68,227.5791176470588,0.1888206311704534,100.02,15475.38
PARCEL,IL,2023-04-01,60,252.99133333333333,0.17815737772332232,115.59,15179.48
PARCEL,IL,2023-05-01,81,224.97975308641975,0.17856907643857725,80.78,18223.36
PARCEL,IL,2023-06-01,74,222.48648648648648,0.16670983495476538,129.415,16464.0
PARCEL,IL,2023-07-01,80,254.725,0.1983026204422525,105.82,20378.0
PARCEL,IL,2023-08-01,66,193.92333333333335,0.1926603992714148,100.57499999999999,12798.94
PARCEL,IL,2023-09-01,81,235.85061728395058,0.17615304353871392,95.87,19103.899999999998
PARCEL,IL,2023-10-01,79,163.23556962025316,0.1663134380295938,82.56,12895.61
PARCEL,IL,2023-11-01,66,199.05727272727273,0.16149393130347184,126.455,13137.78
PARCEL,IL,2023-12-01,77,295.072987012987,0.16669719597503008,112.82,22720.62
PARCEL,IL,2024-01-01,80,210.15087499999998,0.15398135308873617,92.91499999999999,16812.07
PARCEL,IL,2024-02-01,70,203.66114285714286,0.16085347422553173,113.195,14256.28
PARCEL,IL,2024-03-01,80,227.32762499999998,0.17370515020447935,91.295,18186.21
PARCEL,IL,2024-04-01,84,288.79547619047617,0.18109905697233217,109.865,24258.82
PARCEL,IL,2024-05-01,94,263.56212765957446,0.15649196847347105,125.955,24774.84
PARCEL,IL,2024-06-01,71,259.39169014084507,0.18395415266221876,95.01,18416.81
PARCEL,IN,2023-01-01,54,217.96537037037038,0.18461181456169914,91.54,11770.130000000001
PARCEL,IN,2023-02-01,42,396.39047619047625,0.2466571954587903,167.70999999999998,16648.4
PARCEL,IN,2023-03-01,53,175.1590566037736,0.16598573496133737,87.89,9283.43
PARCEL,IN,2023-04-01,58,183.38672413793103,0.1786967556225936,95.49000000000001,10636.43
PARCEL,IN,2023-05-01,56,217.51339285714286,0.15947539026219895,133.04500000000002,12180.75
PARCEL,IN,2023-06-01,37,187.10756756756754,0.17477413925871338,117.06,6922.98
PARCEL,IN,2023-07-01,56,277.2601785714286,0.20060096769969707,108.28,15526.57
PARCEL,IN,2023-08-01,48,209.54625,0.19182681961014156,112.195,10058.22
PARCEL,IN,2023-09-01,53,198.56301886792454,0.1729699942626995,82.98,10523.84
PARCEL,IN,2023-10-01,46,160.25021739130435,0.16313896877623427,112.815,7371.51
PARCEL,IN,2023-11-01,47,265.22999999999996,0.1763768268744419,98.7,12465.81
PARCEL,IN,2023-12-01,54,271.34925925925927,0.16176056688862722,151.86,14652.86
PARCEL,IN,2024-01-01,67,196.25492537313434,0.1702947203006659,123.3,13149.08
PARCEL,IN,2024-02-01,36,172.75083333333333,0.163459531534029,79.74,6219.03
PARCEL,IN,2024-03-01,52,176.02403846153845,0.1733584944012016,116.69,9153.25
PARCEL,IN,2024-04-01,55,176.694,0.1527684107349663,65.89,9718.17
PARCEL,IN,2024-05-01,61,207.27967213114752,0.1835409003569615,84.86,12644.06
PARCEL,IN,2024-06-01,30,478.8553333333333,0.17583085453782565,130.57,14365.66
PARCEL,KY,2023-01-01,49,181.71367346938774,0.17724215813986746,91.45,8903.97
PARCEL,KY,2023-02-01,38,236.9071052631579,0.18269963808713266,136.93,9002.47
PARCEL,KY,2023-03-01,60,217.68416666666664,0.16388811261868463,85.185,13061.05
PARCEL,KY,2023-04-01,61,290.01885245901644,0.1532113223456947,115.33,17691.15
PARCEL,KY,2023-05-01,54,224.6261111111111,0.1794786589867364,111.005,12129.81
PARCEL,KY,2023-06-01,50,247.7634,0.19573031183924172,78.935,12388.17
PARCEL,KY,2023-07-01,46,131.94434782608695,0.14327133598652525,79.035,6069.44
PARCEL,KY,2023-08-01,59,196.4752542372881,0.160275528778018,114.45,11592.039999999999
PARCEL,KY,2023-09-01,63,205.6615873015873,0.17396784798864207,102.49,12956.68
PARCEL,KY,2023-10-01,59,328.4942372881356,0.16521804104816123,142.74,19381.16
PARCEL,KY,2023-11-01,62,187.15870967741935,0.1475377907909858,83.09,11603.84
PARCEL,KY,2023-12-01,49,260.02469387755104,0.1403363523548478,169.73,12741.210000000001
PARCEL,KY,2024-01-01,59,239.4472881355932,0.23434923846327338,96.69,14127.39
PARCEL,KY,2024-02-01,56,197.85125,0.1572054653717272,79.65,11079.67
PARCEL,KY,2024-03-01,48,328.56333333333333,0.15507986066069343,147.4,15771.039999999999
PARCEL,KY,2024-04-01,53,313.3320754716981,0.19952236458411005,114.84,16606.6
PARCEL,KY,2024-05-01,55,275.66236363636364,0.18398621985141397,124.17,15161.43
PARCEL,KY,2024-06-01,57,191.9177192982456,0.16608510456884723,69.05,10939.31
PARCEL,MA,2023-01-01,32,346.96218749999997,0.1628203991590749,141.315,11102.789999999999
PARCEL,MA,2023-02-01,33,323.0769696969697,0.15585468254423548,96.79,10661.539999999999
PARCEL,MA,2023-03-01,30,156.69166666666666,0.17288601639647802,95.205,4700.75
PARCEL,MA,2023-04-01,28,306.69428571428574,0.19915630503787216,69.83500000000001,8587.44
PARCEL,MA,2023-05-01,22,370.93863636363636,0.15005602910469015,130.78,8160.650000000001
PARCEL,MA,2023-06-01,35,155.83342857142858,0.16806816028823968,68.57,5454.17
PARCEL,MA,2023-07-01,34,213.33117647058825,0.18190080451979418,127.49000000000001,7253.26
PARCEL,MA,2023-08-01,28,262.3282142857143,0.18749959337836894,138.845,7345.1900000000005
PARCEL,MA,2023-09-01,24,135.92708333333334,0.16745079204948374,77.655,3262.25
PARCEL,MA,2023-10-01,42,261.42309523809524,0.1974733427513787,121.605,10979.77
PARCEL,MA,2023-11-01,39,242.9966666666667,0.20502409737008673,87.66,9476.87
PARCEL,MA,2023-12-01,28,104.25892857142857,0.14757737336048232,74.86500000000001,2919.25
PARCEL,MA,2024-01-01,27,304.60333333333335,0.17382402307087239,150.85,8224.29
PARCEL,MA,2024-02-01,32,150.79,0.15031783769340623,98.535,4825.28
PARCEL,MA,2024-03-01,24,290.6025,0.191496979596976,173.075,6974.46
PARCEL,MA,2024-04-01,36,193.24333333333334,0.15790375179299476,89.255,6956.76
PARCEL,MA,2024-05-01,32,278.4359375,0.16904993721048067,95.175,8909.95
PARCEL,MA,2024-06-01,22,278.5877272727273,0.1759566916512694,186.60500000000002,6128.93
PARCEL,MD,2023-01-01,30,237.92066666666668,0.18254998734633746,91.58500000000001,7137.62
PARCEL,MD,2023-02-01,30,201.471,0.16418861833721576,78.02000000000001,6044.13
PARCEL,MD,2023-03-01,37,138.87756756756758,0.16012165398864167,84.3,5138.47
PARCEL,MD,2023-04-01,40,331.68725,0.19902288132511603,145.22,13267.49
PARCEL,MD,2023-05-01,49,216.76612244897956,0.16808255959651247,100.07,10621.539999999999
PARCEL,MD,2023-06-01,31,121.52806451612904,0.14258142039247676,59.45,3767.37
PARCEL,MD,2023-07-01,38,273.0607894736842,0.16767469232897167,107.19,10376.31
PARCEL,MD,2023-08-01,43,310.6532558139535,0.1742921218084698,177.66,13358.09
PARCEL,MD,2023-09-01,51,278.8480392156863,0.16280225480741448,54.53,14221.25
PARCEL,MD,2023-10-01,43,343.37883720930233,0.18444133644358465,102.38,14765.29
PARCEL,MD,2023-11-01,44,235.5181818181818,0.17479755300618385,94.695,10362.8
PARCEL,MD,2023-12-01,30,205.36033333333333,0.17004471653864522,116.71000000000001,6160.8099999999995
PARCEL,MD,2024-01-01,45,301.64644444444446,0.17686396415894307,116.2,13574.09
PARCEL,MD,2024-02-01,41,277.4129268292683,0.179708251303771,114.27,11373.93
PARCEL,MD,2024-03-01,43,343.35093023255814,0.18335857627615867,153.97,14764.09
PARCEL,MD,2024-04-01,47,309.3991489361702,0.18321178864692986,113.36,14541.76
PARCEL,MD,2024-05-01,49,305.40408163265306,0.16965313661780984,110.62,14964.8
PARCEL,MD,2024-06-01,40,222.16199999999998,0.1710667981283256,149.925,8886.48
PARCEL,MI,2023-01-01,56,217.24982142857144,0.18789500764133624,119.47,12165.99
PARCEL,MI,2023-02-01,59,278.49152542372883,0.17589821688508372,141.23,16431.0
PARCEL,MI,2023-03-01,75,293.2908,0.18057011021050842,110.67,21996.81
PARCEL,MI,2023-04-01,48,284.65770833333335,0.16801252368603128,135.805,13663.57
PARCEL,MI,2023-05-01,62,150.83854838709678,0.18042023363836132,88.08,9351.99
PARCEL,MI,2023-06-01,66,220.26333333333332,0.19586417598335049,141.58499999999998,14537.38
PARCEL,MI,2023-07-01,66,244.1089393939394,0.2002620201607632,186.0,16111.19
PARCEL,MI,2023-08-01,65,279.764,0.17308359725525815,93.86,18184.66
PARCEL,MI,2023-09-01,56,227.75142857142856,0.16623265121783093,130.57999999999998,12754.08
PARCEL,MI,2023-10-01,64,244.0221875,0.1836186004720698,74.44,15617.42
PARCEL,MI,2023-11-01,47,339.7695744680851,0.1667277752291701,108.39,15969.17
PARCEL,MI,2023-12-01,65,264.6596923076923,0.1698845566596439,116.31,17202.88
PARCEL,MI,2024-01-01,68,314.07779411764704,0.176655472814074,130.695,21357.29
PARCEL,MI,2024-02-01,59,223.65694915254238,0.20753288085183527,87.82,13195.76
PARCEL,MI,2024-03-01,48,228.2747916666667,0.15666056929217068,141.19,10957.19
PARCEL,MI,2024-04-01,58,319.99655172413793,0.16096286298642212,83.285,18559.8
PARCEL,MI,2024-05-01,65,253.5083076923077,0.168120202404593,117.02,16478.04
PARCEL,MI,2024-06-01,63,142.17349206349206,0.1539743058743938,74.39,8956.93
PARCEL,MN,2023-01-01,42,365.99309523809524,0.20787562922285263,159.265,15371.71
PARCEL,MN,2023-02-01,37,118.43783783783783,0.1797134227618305,50.59,4382.2
PARCEL,MN,2023-03-01,44,326.68613636363636,0.1716015576394982,135.47500000000002,14374.19
PARCEL,MN,2023-04-01,42,165.98666666666668,0.16429307351814768,85.33500000000001,6971.4400000000005
PARCEL,MN,2023-05-01,42,274.01261904761907,0.18269152513425932,104.07,11508.53
PARCEL,MN,2023-06-01,45,445.8564444444445,0.18886478837068982,140.32,20063.54
PARCEL,MN,2023-07-01,59,467.15966101694914,0.21526162086149717,145.93,27562.42
PARCEL,MN,2023-08-01,50,158.889,0.19589416310340657,128.53,7944.45
PARCEL,MN,2023-09-01,43,206.48279069767443,0.1891825163551241,114.44,8878.76
PARCEL,MN,2023-10-01,38,231.55684210526314,0.1924338839415608,97.715,8799.16
PARCEL,MN,2023-11-01,43,290.2683720930233,0.1771761481421705,149.35,12481.54
PARCEL,MN,2023-12-01,44,178.03204545454545,0.17515077198996032,75.07,7833.41
PARCEL,MN,2024-01-01,55,168.5390909090909,0.17756704735903,93.8,9269.65
PARCEL,MN,2024-02-01,41,406.2885365853659,0.18618711094557897,123.25,16657.83
PARCEL,MN,2024-03-01,55,283.39709090909093,0.17109804195390207,98.66,15586.84
PARCEL,MN,2024-04-01,39,151.80743589743588,0.16637863790523388,92.91,5920.49
PARCEL,MN,2024-05-01,43,315.6786046511628,0.20673470663136229,122.05,13574.18
PARCEL,MN,2024-06-01,38,174.0221052631579,0.15575522071741665,99.055,6612.84
PARCEL,MO,2023-01-01,27,150.69703703703703,0.19287537974250044,115.99,4068.82
PARCEL,MO,2023-02-01,28,334.59035714285716,0.17409261934773007,164.985,9368.53
PARCEL,MO,2023-03-01,29,112.05172413793103,0.19290887888074584,74.4,3249.5
PARCEL,MO,2023-04-01,35,256.57057142857144,0.17296632824749686,95.31,8979.970000000001
PARCEL,MO,2023-05-01,36,151.9186111111111,0.19049163876647834,78.58500000000001,5469.07
PARCEL,MO,2023-06-01,29,190.5713793103448,0.16724779241423635,91.09,5526.57
PARCEL,MO,2023-07-01,27,473.09555555555556,0.2197043406161601,77.54,12773.58
PARCEL,MO,2023-08-01,32,375.5840625,0.20618747407488835,166.665,12018.69
PARCEL,MO,2023-09-01,37,433.8643243243243,0.1706155943974209,138.38,16052.98
PARCEL,MO,2023-10-01,32,287.8490625,0.1666307046837024,131.64000000000001,9211.17
PARCEL,MO,2023-11-01,28,140.30714285714285,0.1634784658165697,93.88,3928.6
PARCEL,MO,2023-12-01,35,229.9494285714286,0.20672778856848784,153.43,8048.2300000000005
PARCEL,MO,2024-01-01,25,262.6568,0.19230414507973992,92.59,6566.42
PARCEL,MO,2024-02-01,16,759.730625,0.2278968400033209,119.44999999999999,12155.69
PARCEL,MO,2024-03-01,38,126.81921052631579,0.17018283977894716,60.345,4819.13
PARCEL,MO,2024-04-01,21,201.4542857142857,0.18751944574908178,161.28,4230.54
PARCEL,MO,2024-05-01,39,335.2605128205128,0.18691521149880433,190.94,13075.16
PARCEL,MO,2024-06-01,19,236.80105263157895,0.19023540953202384,85.57,4499.22
PARCEL,NC,2023-01-01,52,241.99865384615384,0.18687966261395847,107.68,12583.93
PARCEL,NC,2023-02-01,48,471.879375,0.20546332539716583,114.26,22650.21
PARCEL,NC,2023-03-01,59,185.05440677966104,0.15830171473570873,119.27,10918.210000000001
PARCEL,NC,2023-04-01,63,199.1611111111111,0.16096611365918784,88.88,12547.15
PARCEL,NC,2023-05-01,63,243.91142857142856,0.16822489699385695,182.52,15366.42
PARCEL,NC,2023-06-01,64,185.44343750000002,0.1686838362178438,72.475,11868.380000000001
PARCEL,NC,2023-07-01,64,159.519375,0.15997182854367456,87.99000000000001,10209.24
PARCEL,NC,2023-08-01,55,194.94000000000003,0.1649120440373791,116.89,10721.7
PARCEL,NC,2023-09-01,54,171.1172222222222,0.17134438918657605,96.78999999999999,9240.33
PARCEL,NC,2023-10-01,72,251.90027777777777,0.17647317590290396,103.78,18136.82
PARCEL,NC,2023-11-01,55,269.368,0.22285339582451974,130.86,14815.24
PARCEL,NC,2023-12-01,58,151.7391379310345,0.17067673266355315,88.455,8800.87
PARCEL,NC,2024-01-01,60,201.63533333333334,0.18964791054593472,117.03,12098.12
PARCEL,NC,2024-02-01,57,180.73859649122807,0.17416173802693108,77.14,10302.1
PARCEL,NC,2024-03-01,42,378.0421428571429,0.20055769487630046,151.705,15877.77
PARCEL,NC,2024-04-01,60,167.97866666666667,0.17532901515544053,70.59,10078.72
PARCEL,NC,2024-05-01,53,122.60849056603773,0.14782467422100276,67.94,6498.25
PARCEL,NC,2024-06-01,60,277.0996666666667,0.1561411778109352,108.95,16625.98
PARCEL,NY,2023-01-01,104,285.78548076923073,0.19082504735111125,101.305,29721.69
PARCEL,NY,2023-02-01,93,226.12032258064514,0.15421017956120234,114.19,21029.19
PARCEL,NY,2023-03-01,110,244.02772727272728,0.17245565699330143,106.905,26843.05
PARCEL,NY,2023-04-01,105,206.8402857142857,0.170250183794329,108.74,21718.23
PARCEL,NY,2023-05-01,96,266.83468750000003,0.18773487235037814,123.66499999999999,25616.13
PARCEL,NY,2023-06-01,84,255.05154761904765,0.17098503019226352,105.925,21424.33
PARCEL,NY,2023-07-01,93,244.0020430107527,0.16470340076577142,121.3,22692.19
PARCEL,NY,2023-08-01,85,274.98188235294117,0.16752831767948867,83.62,23373.46
PARCEL,NY,2023-09-01,88,173.44375,0.17599310878807067,105.2,15263.05
PARCEL,NY,2023-10-01,113,240.3037168141593,0.15013668404814118,70.53,27154.32
PARCEL,NY,2023-11-01,90,261.6188888888889,0.17227676012269666,105.15,23545.7
PARCEL,NY,2023-12-01,107,278.3226168224299,0.17109147009626907,82.19,29780.52
PARCEL,NY,2024-01-01,104,164.19125,0.15331725807976976,89.755,17075.89
PARCEL,NY,2024-02-01,107,237.95196261682244,0.14784183175051518,109.55,25460.86
PARCEL,NY,2024-03-01,102,201.47764705882355,0.16350309204575408,109.46000000000001,20550.72
PARCEL,NY,2024-04-01,104,191.34038461538464,0.17168161969670553,97.195,19899.4
PARCEL,NY,2024-05-01,92,188.35717391304348,0.17806750430533738,100.00999999999999,17328.86
PARCEL,NY,2024-06-01,78,180.7973076923077,0.15331696932614253,87.80000000000001,14102.19
PARCEL,OH,2023-01-01,69,173.45985507246377,0.16036843506000545,77.89,11968.73
PARCEL,OH,2023-02-01,86,199.15883720930233,0.17924789658271456,107.94999999999999,17127.66
PARCEL,OH,2023-03-01,70,224.6777142857143,0.1618072145908811,104.19,15727.44
PARCEL,OH,2023-04-01,74,217.63027027027027,0.1703799477604114,129.335,16104.64
PARCEL,OH,2023-05-01,69,202.58246376811596,0.1641754455106397,101.11,13978.19
PARCEL,OH,2023-06-01,65,203.16523076923076,0.1760578553041495,76.1,13205.74
PARCEL,OH,2023-07-01,74,256.73256756756757,0.16100491987705118,88.785,18998.21
PARCEL,OH,2023-08-01,64,379.12671875,0.1995514627182285,144.985,24264.11
PARCEL,OH,2023-09-01,72,231.0513888888889,0.18153001334544988,89.445,16635.7
PARCEL,OH,2023-10-01,76,207.82526315789474,0.17126843093880836,95.705,15794.720000000001
PARCEL,OH,2023-11-01,72,271.1331944444444,0.15329313667425484,67.50999999999999,19521.59
PARCEL,OH,2023-12-01,79,155.10518987341771,0.17330457479664485,71.88,12253.31
PARCEL,OH,2024-01-01,87,215.19137931034484,0.16213324141026567,118.24,18721.65
PARCEL,OH,2024-02-01,73,261.7510958904109,0.17081588687705213,117.52,19107.829999999998
PARCEL,OH,2024-03-01,83,195.26590361445784,0.16299512844757658,88.49,16207.07
PARCEL,OH,2024-04-01,72,197.84541666666667,0.18094797267757218,107.25,14244.87
PARCEL,OH,2024-05-01,68,236.65808823529412,0.18320834568926406,88.39,16092.75
PARCEL,OH,2024-06-01,72,222.37708333333333,0.18556235603331195,128.555,16011.15
PARCEL,OR,2023-01-01,49,314.03530612244896,0.16125394057855583,92.81,15387.73
PARCEL,OR,2023-02-01,26,231.42615384615385,0.16520340613097964,129.835,6017.08
PARCEL,OR,2023-03-01,42,216.90857142857143,0.2045847442880341,98.13,9110.16
PARCEL,OR,2023-04-01,44,269.52113636363634,0.16509505979840156,105.1,11858.93
PARCEL,OR,2023-05-01,44,249.16795454545453,0.16259234082435364,101.035,10963.39
PARCEL,OR,2023-06-01,39,244.1720512820513,0.1472370662620418,120.16,9522.710000000001
PARCEL,OR,2023-07-01,39,215.59589743589743,0.1788696332683886,149.76,8408.24
PARCEL,OR,2023-08-01,39,164.80923076923077,0.21104463942401244,87.62,6427.5599999999995
PARCEL,OR,2023-09-01,38,132.11736842105265,0.14569016713803476,62.510000000000005,5020.46
PARCEL,OR,2023-10-01,39,219.18025641025642,0.17807726068364266,105.73,8548.03
PARCEL,OR,2023-11-01,36,207.07666666666668,0.1801991664407684,82.41499999999999,7454.76
PARCEL,OR,2023-12-01,47,227.66851063829787,0.15027345127810096,110.66,10700.42
PARCEL,OR,2024-01-01,37,219.84486486486486,0.155633915287371,85.92,8134.26
PARCEL,OR,2024-02-01,38,225.6092105263158,0.16221514350460522,110.185,8573.15
PARCEL,OR,2024-03-01,30,229.0076666666667,0.1930898311231852,164.365,6870.2300000000005
PARCEL,OR,2024-04-01,50,201.7668,0.1421640813704847,118.88499999999999,10088.34
PARCEL,OR,2024-05-01,37,223.91486486486488,0.16748354837177234,120.96,8284.85
PARCEL,OR,2024-06-01,30,184.77033333333333,0.15966490622993845,102.58,5543.11
PARCEL,PA,2023-01-01,82,346.9246341463415,0.1504066636853302,127.74,28447.82
PARCEL,PA,2023-02-01,73,222.1619178082192,0.17179991187815769,82.13,16217.82
PARCEL,PA,2023-03-01,79,267.75696202531645,0.1711500223207557,142.62,21152.8
PARCEL,PA,2023-04-01,76,196.6303947368421,0.17304724377501784,79.05,14943.91
PARCEL,PA,2023-05-01,88,357.1422727272727,0.19269409943723328,113.56,31428.52
PARCEL,PA,2023-06-01,89,211.24696629213483,0.15598846584605094,116.88,18800.98
PARCEL,PA,2023-07-01,84,177.33035714285714,0.17163173680857155,81.9,14895.75
PARCEL,PA,2023-08-01,96,229.86052083333334,0.15634919962435376,95.1,22066.61
PARCEL,PA,2023-09-01,89,330.4038202247191,0.17443209696989165,102.31,29405.94
PARCEL,PA,2023-10-01,72,204.55152777777778,0.1499347723074983,79.155,14727.71
PARCEL,PA,2023-11-01,75,221.08946666666665,0.17294812838199594,121.96,16581.71
PARCEL,PA,2023-12-01,84,233.125,0.1757230738469419,82.32499999999999,19582.5
PARCEL,PA,2024-01-01,93,209.23559139784945,0.17937787312961373,96.92,19458.91
PARCEL,PA,2024-02-01,72,214.71666666666667,0.16934593701437725,111.72999999999999,15459.6
PARCEL,PA,2024-03-01,78,166.9078205128205,0.16263950006467479,80.87,13018.81
PARCEL,PA,2024-04-01,84,246.18583333333333,0.19421994723477043,108.48,20679.61
PARCEL,PA,2024-05-01,86,202.10744186046514,0.14731862795138576,82.995,17381.24
PARCEL,PA,2024-06-01,78,194.37192307692308,0.17532350285695752,101.685,15161.01
PARCEL,TN,2023-01-01,69,333.9755072463768,0.19037166803925373,109.72,23044.31
PARCEL,TN,2023-02-01,45,244.62044444444444,0.16273354340087193,108.86,11007.92
PARCEL,TN,2023-03-01,56,156.15160714285713,0.17551175701908556,86.46000000000001,8744.49
PARCEL,TN,2023-04-01,64,345.40234375,0.20322377686778967,129.02,22105.75
PARCEL,TN,2023-05-01,55,282.60927272727275,0.2050034409027859,148.74,15543.51
PARCEL,TN,2023-06-01,50,219.39919999999998,0.1945253007904338,128.515,10969.96
PARCEL,TN,2023-07-01,50,207.44619999999998,0.18174044174870002,104.545,10372.31
PARCEL,TN,2023-08-01,57,165.7919298245614,0.18220272417685104,92.22,9450.14
PARCEL,TN,2023-09-01,51,222.08745098039216,0.1862547499262537,134.15,11326.460000000001
PARCEL,TN,2023-10-01,57,367.14719298245615,0.1632663639408813,132.6,20927.39
PARCEL,TN,2023-11-01,51,220.28176470588238,0.17319001025519376,94.87,11234.37
PARCEL,TN,2023-12-01,54,194.8862962962963,0.17578957758338248,92.91499999999999,10523.86
PARCEL,TN,2024-01-01,55,146.51381818181818,0.1764746266105931,83.77,8058.26
PARCEL,TN,2024-02-01,48,272.945625,0.16317620644348188,128.53,13101.39
PARCEL,TN,2024-03-01,59,203.2942372881356,0.15386485210851483,98.04,11994.36
PARCEL,TN,2024-04-01,53,275.0109433962264,0.17661038071469037,83.7,14575.58
PARCEL,TN,2024-05-01,54,234.03851851851852,0.18698343143497922,115.105,12638.08
PARCEL,TN,2024-06-01,58,242.92017241379313,0.17647242295842505,126.63,14089.37
PARCEL,TX,2023-01-01,153,201.50098039215686,0.16842703316524074,96.54,30829.65
PARCEL,TX,2023-02-01,142,210.56774647887323,0.18043452247164793,112.825,29900.62
PARCEL,TX,2023-03-01,158,274.9618987341772,0.18614766376926065,119.49,43443.98
PARCEL,TX,2023-04-01,142,204.10978873239438,0.18071957807550795,89.575,28983.59
PARCEL,TX,2023-05-01,150,269.95306666666664,0.18046102077767384,115.255,40492.96
PARCEL,TX,2023-06-01,150,245.3062666666667,0.168800195970737,101.815,36795.94
PARCEL,TX,2023-07-01,153,213.9696732026144,0.16851035415451643,111.24,32737.36
PARCEL,TX,2023-08-01,159,211.53811320754716,0.18563349202609486,110.83,33634.56
PARCEL,TX,2023-09-01,140,205.18449999999999,0.16461089669546625,104.71000000000001,28725.829999999998
PARCEL,TX,2023-10-01,144,229.0420138888889,0.16711729846770906,114.53,32982.05
PARCEL,TX,2023-11-01,137,284.88233576642335,0.18827976468971733,113.24,39028.88
PARCEL,TX,2023-12-01,155,237.99032258064517,0.16029129991986935,111.27,36888.5
PARCEL,TX,2024-01-01,125,212.74007999999998,0.16790349279786504,111.95,26592.51
PARCEL,TX,2024-02-01,142,241.63260563380283,0.17434752558853325,105.325,34311.83
PARCEL,TX,2024-03-01,146,278.80801369863013,0.17391543892791989,131.10000000000002,40705.97
PARCEL,TX,2024-04-01,136,240.83007352941175,0.15329285581031424,106.02,32752.89
PARCEL,TX,2024-05-01,133,414.5967669172933,0.17822935471035845,105.27,55141.37
PARCEL,TX,2024-06-01,147,302.55904761904765,0.16823712518387335,99.74,44476.18
PARCEL,UT,2023-01-01,26,393.79153846153844,0.17446322293569916,104.145,10238.58
PARCEL,UT,2023-02-01,16,173.133125,0.1627932978853602,138.08499999999998,2770.13
PARCEL,UT,2023-03-01,26,158.43769230769232,0.18290492460107372,112.60499999999999,4119.38
PARCEL,UT,2023-04-01,29,267.1806896551724,0.1873172042587253,101.0,7748.24
PARCEL,UT,2023-05-01,24,245.285,0.18942109942739913,99.745,5886.84
PARCEL,UT,2023-06-01,21,113.48333333333333,0.17743494424837647,82.01,2383.15
PARCEL,UT,2023-07-01,19,152.9936842105263,0.1725535711711808,122.8,2906.88
PARCEL,UT,2023-08-01,20,208.82649999999998,0.22289262246272484,186.245,4176.53
PARCEL,UT,2023-09-01,25,151.00039999999998,0.19326701172141317,88.43,3775.0099999999998
PARCEL,UT,2023-10-01,26,227.89307692307693,0.15525254023889856,104.035,5925.22
PARCEL,UT,2023-11-01,16,158.208125,0.19907613658534337,88.35499999999999,2531.33
PARCEL,UT,2023-12-01,15,256.742,0.1463176555297204,193.54,3851.13
PARCEL,UT,2024-01-01,22,251.9090909090909,0.1689862525595662,82.59,5542.0
PARCEL,UT,2024-02-01,18,175.14333333333332,0.16440388753928625,114.255,3152.58
PARCEL,UT,2024-03-01,18,168.86722222222224,0.16350200730969044,117.6,3039.61
PARCEL,UT,2024-04-01,19,191.39736842105265,0.16496302626763745,111.84,3636.55
PARCEL,UT,2024-05-01,21,166.56142857142856,0.14677766361083627,82.45,3497.79
PARCEL,UT,2024-06-01,18,200.62666666666667,0.16892990798222435,132.725,3611.28
PARCEL,WA,2023-01-01,43,225.40465116279069,0.16107030531506392,120.01,9692.4
PARCEL,WA,2023-02-01,54,310.8401851851852,0.17831102186527595,109.9,16785.37
PARCEL,WA,2023-03-01,56,207.27357142857142,0.1708885495051127,66.745,11607.32
PARCEL,WA,2023-04-01,62,222.95612903225808,0.1671042147414269,111.33,13823.28
PARCEL,WA,2023-05-01,55,258.95418181818184,0.16683695201105356,109.42,14242.48
PARCEL,WA,2023-06-01,67,141.88000000000002,0.1601946285389985,73.0,9505.960000000001
PARCEL,WA,2023-07-01,56,404.99571428571426,0.16206046252141018,106.515,22679.76
PARCEL,WA,2023-08-01,64,143.41593749999998,0.15760226054855134,70.295,9178.619999999999
PARCEL,WA,2023-09-01,50,225.1828,0.1769157585747973,94.32,11259.14
PARCEL,WA,2023-10-01,77,196.43116883116883,0.18131772756585807,88.87,15125.2
PARCEL,WA,2023-11-01,60,226.85750000000002,0.15686350821877373,94.945,13611.45
PARCEL,WA,2023-12-01,57,307.47,0.16079691145328373,140.5,17525.79
PARCEL,WA,2024-01-01,62,188.38258064516128,0.1749014579224973,89.215,11679.72
PARCEL,WA,2024-02-01,65,141.72476923076923,0.17555146821901038,102.87,9212.11
PARCEL,WA,2024-03-01,58,277.6941379310345,0.19148888577176867,114.695,16106.26
PARCEL,WA,2024-04-01,53,270.79641509433964,0.18108031608613148,112.63,14352.210000000001
PARCEL,WA,2024-05-01,56,224.00339285714287,0.15993904723227886,93.94,12544.19
PARCEL,WA,2024-06-01,56,231.42089285714286,0.17307469477424653,139.8,12959.57
